Id_Docente,Nombre_Completo,Id_Centro,Id_Carrera,Salario,Correo,Sexo,Direccion
1,Colman Hulett,1,28,20771,chulett0@gnu.org,Male,696 Morrow Avenue
2,Roddy Langrish,7,18,21873,rlangrish1@addtoany.com,Male,6483 Bartelt Point
3,Tobit Jakubovics,5,14,21757,tjakubovics2@jugem.jp,Male,5 Hallows Hill
4,Toby Gencke,7,7,27770,tgencke3@fema.gov,Male,508 Pleasure Court
5,Avram Hembry,6,15,30638,ahembry4@illinois.edu,Male,41019 Northridge Street
6,Ronnie Caukill,6,54,25553,rcaukill5@hibu.com,Female,86 Corben Point
7,Brnaba Pitchford,2,65,26147,bpitchford6@list-manage.com,Male,61 Gulseth Pass
8,Knox Gavrielly,7,31,31469,kgavrielly7@imdb.com,Male,111 Armistice Parkway
9,Roman Cardenosa,9,25,36484,rcardenosa8@usnews.com,Male,03996 Evergreen Circle
10,Britteny Tape,3,12,35265,btape9@constantcontact.com,Female,38 Homewood Junction
11,Rikki Auchterlony,5,52,28315,rauchterlonya@netlog.com,Non-binary,84164 Northview Center
12,Zacherie Jancic,5,51,24799,zjancicb@engadget.com,Male,4 Bunker Hill Point
13,Sissie Jerrold,7,33,31917,sjerroldc@pcworld.com,Agender,07 Truax Circle
14,Aubree Childrens,1,57,30242,achildrensd@php.net,Female,9561 Monterey Way
15,Crystal Bennetto,6,13,22610,cbennettoe@youtube.com,Female,751 Dennis Plaza
16,Jelene Quinnell,7,30,27007,jquinnellf@blog.com,Female,749 Pleasure Circle
17,Rooney Oxherd,3,13,32474,roxherdg@dyndns.org,Male,1079 Gateway Trail
18,Terrance O'Cannan,2,56,30122,tocannanh@wiley.com,Male,95086 Muir Place
19,Dare Heams,4,42,29424,dheamsi@oracle.com,Male,67274 Roxbury Plaza
20,Gris Wilshere,9,51,31308,gwilsherej@reddit.com,Male,0014 Red Cloud Pass
21,Darice Quinsee,4,3,37886,dquinseek@shareasale.com,Genderqueer,8270 Harbort Point
22,Brendan Lawey,5,6,23704,blaweyl@gnu.org,Male,9 Dayton Center
23,Benoit Reitenbach,2,1,38014,breitenbachm@sun.com,Male,9 1st Circle
24,Janos Standall,4,61,33185,jstandalln@cafepress.com,Male,6871 Vera Drive
25,Sumner Kluge,3,54,33267,sklugeo@amazon.com,Genderfluid,44322 Upham Parkway
26,Brannon Vallentine,4,43,28570,bvallentinep@apache.org,Male,6584 Susan Road
27,Kerstin Molfino,3,26,27045,kmolfinoq@e-recht24.de,Female,88458 John Wall Circle
28,Susanne Noblett,9,12,24759,snoblettr@shinystat.com,Female,249 Evergreen Lane
29,Anselm Critoph,9,24,29028,acritophs@un.org,Male,1363 Bluestem Avenue
30,Mischa Mawditt,5,23,21660,mmawdittt@seattletimes.com,Male,1 Gateway Court
31,Leia Greasley,8,12,24846,lgreasleyu@telegraph.co.uk,Female,2 Magdeline Place
32,Shalom McBain,1,5,36109,smcbainv@prweb.com,Male,58649 Schiller Center
33,Vania Godlee,1,47,29537,vgodleew@shutterfly.com,Female,317 Fallview Plaza
34,Nedi Illing,2,50,30993,nillingx@github.com,Female,90259 Merrick Center
35,Beverie Anthon,3,44,28752,banthony@yolasite.com,Female,03370 Butternut Court
36,Marika Hunnicot,8,25,22357,mhunnicotz@drupal.org,Female,26973 Fremont Court
37,Cyb Skuce,1,45,23691,cskuce10@slate.com,Female,63329 Valley Edge Circle
38,Adrienne Poile,6,59,21402,apoile11@miibeian.gov.cn,Female,28 Menomonie Pass
39,Petronille Hamlin,4,24,33977,phamlin12@ebay.co.uk,Female,08607 Schurz Point
40,Wyatan Elsmor,6,32,30848,welsmor13@dailymail.co.uk,Male,787 Burning Wood Trail
41,Fleur Alban,7,49,39397,falban14@whitehouse.gov,Female,38 Washington Drive
42,Olga Balch,3,35,35515,obalch15@baidu.com,Female,76020 Orin Trail
43,Ryann Craigg,7,22,36068,rcraigg16@guardian.co.uk,Female,5242 Di Loreto Junction
44,Fannie Braidwood,3,23,26557,fbraidwood17@mozilla.com,Female,02594 Emmet Way
45,Iris Gouldstone,3,31,30793,igouldstone18@tamu.edu,Female,17 Vidon Road
46,Silvio Bines,7,33,27370,sbines19@newsvine.com,Male,71872 Roth Hill
47,Joachim Parcall,3,56,36777,jparcall1a@cnet.com,Male,9 Park Meadow Way
48,Abie McKibbin,3,35,29715,amckibbin1b@engadget.com,Male,3884 Iowa Junction
49,Gardiner Beininck,9,59,24459,gbeininck1c@loc.gov,Male,182 Swallow Crossing
50,Modesta Hayen,6,28,23036,mhayen1d@sourceforge.net,Female,67 Mallory Avenue
51,Lurleen Runnett,2,55,20371,lrunnett1e@free.fr,Female,3099 Sachs Parkway
52,Marietta Plaster,5,14,39373,mplaster1f@techcrunch.com,Male,770 Magdeline Avenue
53,Stacy Loeber,6,59,37477,sloeber1g@free.fr,Male,6 Glacier Hill Drive
54,Huntlee Dehmel,6,24,20500,hdehmel1h@huffingtonpost.com,Male,7058 Moulton Trail
55,Leonard Thurner,7,6,29120,lthurner1i@latimes.com,Male,2509 Brentwood Point
56,Pamelina Standall,7,11,39050,pstandall1j@redcross.org,Polygender,2379 Mccormick Center
57,Anton Marriott,6,61,37476,amarriott1k@wp.com,Genderfluid,6 Cottonwood Pass
58,Rory Kliment,3,8,26722,rkliment1l@ft.com,Female,4460 Lerdahl Trail
59,Camala Bland,3,7,36036,cbland1m@scribd.com,Female,474 Emmet Place
60,Devin Silvermann,1,60,26206,dsilvermann1n@examiner.com,Female,19494 Meadow Ridge Hill
61,Elora Moult,8,26,22653,emoult1o@mozilla.org,Female,5 Bay Pass
62,Euell Antrack,1,50,31088,eantrack1p@ehow.com,Male,952 Carey Hill
63,Vito Antusch,2,45,33998,vantusch1q@sakura.ne.jp,Male,744 2nd Drive
64,Milka Rickersey,2,14,35094,mrickersey1r@cbc.ca,Female,9210 Golf Place
65,Tull Bonnell,8,3,29377,tbonnell1s@earthlink.net,Male,49 Rockefeller Circle
66,Pearle Heersema,7,10,38895,pheersema1t@infoseek.co.jp,Female,014 Dorton Terrace
67,Gibby Simeoli,9,55,21325,gsimeoli1u@zimbio.com,Male,87685 Walton Way
68,Enrico Mandre,4,15,22802,emandre1v@zimbio.com,Male,90783 Sachs Center
69,Cherin Guyon,5,52,26418,cguyon1w@studiopress.com,Genderqueer,694 Sloan Drive
70,Leland Rehor,4,4,39649,lrehor1x@uiuc.edu,Male,3 Prairieview Point
71,Tillie Crenage,9,27,29719,tcrenage1y@stanford.edu,Female,8081 Burrows Street
72,Had Garnett,4,29,24208,hgarnett1z@bizjournals.com,Male,04 Schiller Drive
73,Tannie Manketell,5,37,31064,tmanketell20@usda.gov,Bigender,5 Forest Dale Street
74,Hattie Liccardo,9,53,32382,hliccardo21@mit.edu,Female,92051 Old Shore Drive
75,Dorris Sygroves,7,64,38607,dsygroves22@tuttocitta.it,Female,41 Susan Street
76,Gerardo Morfett,2,52,22395,gmorfett23@webmd.com,Bigender,01 Sachtjen Way
77,Cly Born,5,11,23411,cborn24@dot.gov,Male,18990 East Place
78,Augustina Ioselevich,8,38,22562,aioselevich25@cnn.com,Female,54 Tomscot Plaza
79,Donnell Dixcee,5,40,22133,ddixcee26@tinyurl.com,Male,0484 Waxwing Plaza
80,Coretta Seakes,8,17,35501,cseakes27@ovh.net,Female,8394 Summerview Hill
81,Corbet Venner,4,23,24444,cvenner28@ifeng.com,Polygender,0 Butternut Alley
82,Erinna Pfaffe,1,20,36071,epfaffe29@yale.edu,Female,4 Duke Junction
83,Trixie Wagner,2,42,35734,twagner2a@bbb.org,Female,39224 Fuller Court
84,Helenelizabeth Semken,9,30,36063,hsemken2b@over-blog.com,Female,90360 Delladonna Plaza
85,Dosi Clemencon,4,41,26000,dclemencon2c@auda.org.au,Female,21 Kingsford Crossing
86,Meryl Morehall,1,48,24126,mmorehall2d@economist.com,Female,76 Mcguire Center
87,Rafi Brech,9,64,38193,rbrech2e@usa.gov,Male,19204 Mayfield Avenue
88,Mercedes Slemming,8,39,35256,mslemming2f@state.gov,Female,7 Delaware Circle
89,Monroe Disley,6,47,35620,mdisley2g@adobe.com,Genderfluid,5498 Reindahl Place
90,Tarrance Gilburt,9,43,30495,tgilburt2h@examiner.com,Genderqueer,93 Dakota Plaza
91,Nichols Weyman,4,47,34048,nweyman2i@dropbox.com,Male,24 Lunder Hill
92,Danna Olivella,5,55,32427,dolivella2j@auda.org.au,Female,9 Katie Park
93,Colly Hollington,2,2,23633,chollington2k@accuweather.com,Female,454 Ridgeway Point
94,Robbin Ouldred,1,35,23153,rouldred2l@hexun.com,Female,5183 Di Loreto Point
95,Karlotta Chadd,8,43,20470,kchadd2m@photobucket.com,Female,2 East Avenue
96,Lexine Baudain,3,14,28498,lbaudain2n@netlog.com,Female,9543 David Street
97,Thibaud Stit,4,46,24874,tstit2o@chronoengine.com,Male,67 Lighthouse Bay Lane
98,Burty Withey,1,59,20575,bwithey2p@wikispaces.com,Male,2779 Lukken Crossing
99,Uriel Dinse,9,8,33807,udinse2q@merriam-webster.com,Male,197 Kropf Pass
100,Lillian Yarrall,4,32,36774,lyarrall2r@tinypic.com,Female,3 Forster Point
101,Merralee Georgel,7,17,31414,mgeorgel2s@toplist.cz,Female,5 Hoard Drive
102,Dukey Mitten,3,64,21906,dmitten2t@timesonline.co.uk,Male,1 Melvin Parkway
103,Bebe Botler,7,16,29567,bbotler2u@psu.edu,Female,6174 Stephen Park
104,Steffen Towhey,2,44,39834,stowhey2v@51.la,Male,48631 Weeping Birch Way
105,Lynde Wreight,5,20,25726,lwreight2w@arstechnica.com,Female,618 Springview Junction
106,Iggy Szymanowski,8,41,21954,iszymanowski2x@1und1.de,Male,1764 Pepper Wood Street
107,Catlin Luchetti,3,62,36326,cluchetti2y@hp.com,Female,5294 Ludington Lane
108,Russ Coverlyn,6,30,39613,rcoverlyn2z@blogspot.com,Male,28 Gerald Pass
109,Maude Garley,1,18,21339,mgarley30@boston.com,Female,8037 Moose Center
110,Egor Rickert,5,8,28591,erickert31@telegraph.co.uk,Male,444 Veith Point
111,Evan Overland,3,57,23455,eoverland32@acquirethisname.com,Male,202 Vernon Junction
112,Lolita McAllaster,7,64,34001,lmcallaster33@hud.gov,Female,982 Vermont Parkway
113,Fawne Halm,8,62,25817,fhalm34@bandcamp.com,Female,768 Lotheville Park
114,Nert Worrill,6,22,24648,nworrill35@dailymotion.com,Female,86560 Aberg Parkway
115,Everett Armer,9,44,38477,earmer36@angelfire.com,Male,88463 Merchant Lane
116,Issiah Broadfoot,1,47,22461,ibroadfoot37@creativecommons.org,Male,3 Hauk Junction
117,Leigh Janczyk,1,21,24031,ljanczyk38@psu.edu,Female,2162 Transport Parkway
118,Mauricio Musgrove,3,48,38625,mmusgrove39@infoseek.co.jp,Male,02120 Loeprich Parkway
119,Bo Jaine,3,17,22379,bjaine3a@msu.edu,Male,1 Schmedeman Pass
120,Floria Ranscombe,9,46,32923,franscombe3b@state.gov,Female,01490 Di Loreto Park
121,Morey McGinlay,9,7,32859,mmcginlay3c@engadget.com,Male,3 Rigney Road
122,Derby Bittleson,9,36,36882,dbittleson3d@washingtonpost.com,Male,4072 Crownhardt Road
123,Brien Dobbings,4,40,29677,bdobbings3e@twitter.com,Male,31916 Sachs Park
124,Ron Earl,4,59,37316,rearl3f@mapquest.com,Male,8103 Springview Road
125,Maurene Isgar,2,35,23789,misgar3g@arizona.edu,Female,20308 Harper Drive
126,Perren Hebburn,4,41,38980,phebburn3h@columbia.edu,Male,7248 Rowland Place
127,Letisha Swindells,1,23,32978,lswindells3i@trellian.com,Female,812 Farragut Center
128,Inglis Pacher,6,46,26028,ipacher3j@dmoz.org,Male,3827 Golf Course Lane
129,Orlan Messiter,5,62,20965,omessiter3k@amazon.co.jp,Male,8977 Westerfield Avenue
130,Domenic Chelley,6,14,30953,dchelley3l@fda.gov,Male,107 Starling Point
131,Stacia Cockson,6,56,37759,scockson3m@angelfire.com,Female,0 Kropf Hill
132,Meris Neylan,9,28,39630,mneylan3n@wikia.com,Female,01302 Pearson Park
133,Edvard Boschmann,3,27,33930,eboschmann3o@ucsd.edu,Male,4263 Rockefeller Circle
134,Ephraim Gawthorpe,5,54,26126,egawthorpe3p@networksolutions.com,Male,4 Mariners Cove Parkway
135,Margaret Wederell,3,41,23815,mwederell3q@networkadvertising.org,Female,0777 5th Place
136,Culver Hupka,1,2,39595,chupka3r@sakura.ne.jp,Agender,13 Troy Street
137,Angus Gooden,2,31,36032,agooden3s@ucsd.edu,Male,2 Lake View Drive
138,Stavros Fulop,5,6,30711,sfulop3t@businesswire.com,Male,0 Anhalt Way
139,Kassey Van Oord,6,16,23088,kvan3u@slashdot.org,Female,59246 Sutteridge Circle
140,Jacob Lingfoot,5,5,37186,jlingfoot3v@nih.gov,Male,3 Sutherland Place
141,Jacques Ogilby,2,65,31312,jogilby3w@addtoany.com,Male,38406 Pine View Parkway
142,Lexi Reiglar,8,55,27435,lreiglar3x@purevolume.com,Female,50024 Spenser Lane
143,Corbin Gaythorpe,6,30,22579,cgaythorpe3y@nbcnews.com,Male,38747 Butterfield Lane
144,Kip Royse,9,40,30859,kroyse3z@pagesperso-orange.fr,Male,2 Grayhawk Parkway
145,Rob Cash,6,27,26774,rcash40@e-recht24.de,Male,2 Northport Way
146,Marti Fradgley,8,23,35658,mfradgley41@example.com,Bigender,2708 Eggendart Crossing
147,Madge Vickarman,2,19,24766,mvickarman42@imdb.com,Female,95 Judy Hill
148,Ade Dikle,3,1,26310,adikle43@columbia.edu,Male,13493 Erie Street
149,Erinn Archibald,8,17,27064,earchibald44@hc360.com,Female,82557 Sycamore Road
150,Tedd Largan,5,62,22637,tlargan45@simplemachines.org,Male,657 Amoth Circle
151,Thain Lexa,9,52,21543,tlexa46@msu.edu,Agender,26563 Farwell Trail
152,Rickie McPeck,9,13,32680,rmcpeck47@networkadvertising.org,Female,2803 Hansons Hill
153,Maximo Humphrys,4,33,20294,mhumphrys48@etsy.com,Male,6906 Morningstar Avenue
154,Barbie Spriggin,4,28,30525,bspriggin49@infoseek.co.jp,Female,8 Judy Trail
155,Grove Salway,3,34,23799,gsalway4a@live.com,Male,0632 Elka Pass
156,Townie Gascard,8,6,22588,tgascard4b@usgs.gov,Male,9 Warbler Trail
157,Eda Chillistone,6,56,39410,echillistone4c@geocities.com,Polygender,013 North Trail
158,Mavra Gillogley,8,2,27193,mgillogley4d@elegantthemes.com,Female,9 Anderson Circle
159,Jeremiah Vyel,3,43,22644,jvyel4e@discuz.net,Male,836 Old Shore Place
160,Georg McKee,6,18,31667,gmckee4f@nih.gov,Male,3 Pine View Park
161,Casar Orro,7,34,29476,corro4g@mail.ru,Male,91375 Thackeray Park
162,Jacinthe Gentiry,4,49,38417,jgentiry4h@wordpress.org,Female,06682 Prairie Rose Place
163,Brigg Whitington,8,55,37510,bwhitington4i@ft.com,Male,98 Prairieview Place
164,Ronald Oxbe,4,45,25035,roxbe4j@1und1.de,Male,218 Blue Bill Park Parkway
165,Tracie Chrismas,9,24,29023,tchrismas4k@tripod.com,Male,1512 Blue Bill Park Hill
166,Kalinda Iddenden,1,44,23094,kiddenden4l@google.com.hk,Female,77844 Doe Crossing Pass
167,Tito Frears,4,54,34148,tfrears4m@bloglines.com,Male,0670 Oakridge Terrace
168,Bertrand Woolfitt,7,40,23131,bwoolfitt4n@1und1.de,Male,4971 Oak Valley Street
169,Renelle McPhaden,4,12,32773,rmcphaden4o@aol.com,Female,84815 Mayfield Park
170,Cookie Yoakley,3,4,39886,cyoakley4p@google.com.hk,Female,6868 Longview Way
171,Obadiah Losano,8,62,20576,olosano4q@guardian.co.uk,Male,7 Clemons Crossing
172,Igor Tranckle,7,29,26999,itranckle4r@mac.com,Male,5241 Eliot Terrace
173,Clea McCorrie,2,65,34948,cmccorrie4s@hatena.ne.jp,Female,05 Declaration Circle
174,Tricia Counter,6,37,24101,tcounter4t@weibo.com,Female,83612 Briar Crest Court
175,Curt Rontsch,9,27,33422,crontsch4u@bing.com,Male,23 Weeping Birch Park
176,Ainslee Jewks,6,62,21907,ajewks4v@studiopress.com,Female,909 Farmco Drive
177,Noel Fouldes,7,14,30667,nfouldes4w@reference.com,Female,728 Sachs Junction
178,Rosabella Weben,6,50,33684,rweben4x@forbes.com,Female,8 Autumn Leaf Parkway
179,Gabriello Bisgrove,4,9,27506,gbisgrove4y@vimeo.com,Male,14 Dovetail Place
180,Pooh Gilby,2,38,21884,pgilby4z@statcounter.com,Female,4 Shopko Drive
181,Osgood Nassy,4,64,27802,onassy50@joomla.org,Male,43756 Doe Crossing Junction
182,Thain Lilley,9,32,30627,tlilley51@merriam-webster.com,Male,1114 Lyons Point
183,Skye Buttrum,2,19,31727,sbuttrum52@bbc.co.uk,Male,9954 Fallview Street
184,Dede Duffie,5,32,32425,dduffie53@wufoo.com,Female,11700 Moulton Center
185,Vittorio Grace,9,28,37835,vgrace54@spiegel.de,Male,4236 Grover Street
186,Sara-ann Foddy,1,59,27314,sfoddy55@hatena.ne.jp,Female,40 Spenser Lane
187,Elena Haycroft,1,50,35681,ehaycroft56@google.com,Female,0252 Schiller Alley
188,Tate Ochterlonie,8,44,28843,tochterlonie57@cyberchimps.com,Male,8 Vidon Center
189,Joya Rapper,4,52,21911,jrapper58@mapy.cz,Female,41 Petterle Parkway
190,Candra Caudelier,3,37,33182,ccaudelier59@spotify.com,Female,0834 Johnson Avenue
191,Becki Oubridge,9,63,28266,boubridge5a@newyorker.com,Female,5646 Clove Trail
192,Benoite Johnikin,7,25,28386,bjohnikin5b@mediafire.com,Female,1235 Waywood Circle
193,Lee Kynett,8,48,33728,lkynett5c@opera.com,Male,2 Northview Crossing
194,Abe Osbourn,6,36,35696,aosbourn5d@pinterest.com,Male,1 Larry Center
195,Marielle Gresch,1,46,34120,mgresch5e@webeden.co.uk,Bigender,74695 Delaware Street
196,Hilliard Raiman,3,2,24512,hraiman5f@spotify.com,Male,607 Vidon Way
197,Lorry Heenan,6,21,30495,lheenan5g@pinterest.com,Female,5 Columbus Lane
198,Drona Doberer,5,65,20999,ddoberer5h@hubpages.com,Female,370 Sloan Alley
199,Ashla Sliney,1,39,20816,asliney5i@icio.us,Female,899 Grayhawk Avenue
200,Pattin Fleischer,8,21,27911,pfleischer5j@cbsnews.com,Male,899 Mallory Way
201,Margareta Kerfoot,9,65,21854,mkerfoot5k@istockphoto.com,Female,53 Lighthouse Bay Crossing
202,Way Le feuvre,6,18,22130,wle5l@flickr.com,Male,09447 Corben Terrace
203,Alexina Willcox,4,56,20089,awillcox5m@vistaprint.com,Female,8256 Maywood Point
204,Arlana Mence,4,53,32569,amence5n@earthlink.net,Female,57037 Maple Wood Avenue
205,Lonnie Cholwell,6,50,33791,lcholwell5o@foxnews.com,Male,61 Forster Avenue
206,Mureil Roskams,8,1,23985,mroskams5p@nature.com,Female,619 Dwight Park
207,Sylvester Lighton,8,29,26430,slighton5q@example.com,Male,633 Charing Cross Avenue
208,Valentino Hartil,2,27,35560,vhartil5r@tiny.cc,Male,37280 Schmedeman Trail
209,Rem McCurtain,9,60,36181,rmccurtain5s@flavors.me,Male,49198 Waywood Place
210,Hinda Byforth,6,1,25994,hbyforth5t@com.com,Female,558 Iowa Avenue
211,Darci Jeannin,4,33,27535,djeannin5u@bravesites.com,Female,4673 Hudson Street
212,Roman Abdy,5,32,34728,rabdy5v@latimes.com,Male,1 Porter Hill
213,Filippa Kilpatrick,4,55,30269,fkilpatrick5w@epa.gov,Non-binary,3 Annamark Lane
214,Dane Fedoronko,6,2,32548,dfedoronko5x@examiner.com,Male,231 Kinsman Court
215,Manfred Whyler,5,49,30965,mwhyler5y@purevolume.com,Male,92 Atwood Avenue
216,Costanza Budgen,3,46,24352,cbudgen5z@histats.com,Female,760 Mockingbird Street
217,Petronille Scrivener,9,10,33819,pscrivener60@gravatar.com,Female,49 Prentice Pass
218,Bartolomeo Brickstock,8,6,31445,bbrickstock61@1688.com,Male,85368 Granby Alley
219,Carlye Rattrie,7,18,20166,crattrie62@reuters.com,Bigender,351 Killdeer Plaza
220,Libbey Gaythwaite,1,65,30193,lgaythwaite63@yale.edu,Agender,58 Golden Leaf Center
221,Bridget Pigdon,7,7,33902,bpigdon64@jimdo.com,Female,367 Butterfield Parkway
222,Lacy Matveiko,8,14,35468,lmatveiko65@noaa.gov,Female,88 Oakridge Park
223,Creighton Billyeald,8,16,34695,cbillyeald66@feedburner.com,Polygender,0685 Dapin Road
224,Carlita Feighney,6,3,23451,cfeighney67@blogtalkradio.com,Female,42 Kedzie Hill
225,Jocelyn Danilin,8,34,24767,jdanilin68@linkedin.com,Female,14 Northwestern Avenue
226,Skippie Antill,6,32,25464,santill69@msn.com,Male,1644 Nova Point
227,Crystie Eisikowitz,1,60,24827,ceisikowitz6a@behance.net,Female,0982 Mandrake Street
228,Bridie Woolmore,7,40,23424,bwoolmore6b@xinhuanet.com,Polygender,395 Oak Pass
229,Desiree Schwandermann,8,16,23686,dschwandermann6c@wsj.com,Female,0644 Dakota Hill
230,Jourdain March,7,48,22980,jmarch6d@nyu.edu,Male,02280 Di Loreto Street
231,Allissa Sandle,4,38,37480,asandle6e@google.de,Female,13950 Pleasure Crossing
232,Ericha Tolomelli,3,39,28597,etolomelli6f@furl.net,Female,96 Redwing Lane
233,Kennedy Stiegar,7,40,27722,kstiegar6g@hp.com,Male,6 Miller Center
234,Ernst Snibson,5,62,34618,esnibson6h@irs.gov,Male,768 Pleasure Avenue
235,Darryl Costanza,2,43,36632,dcostanza6i@skyrock.com,Female,724 Meadow Valley Road
236,Ingram MacDuffie,3,61,21547,imacduffie6j@google.ca,Genderqueer,3 Scott Junction
237,Karla Petricek,1,38,32500,kpetricek6k@smugmug.com,Female,0471 Heffernan Terrace
238,Ellissa Rouge,4,53,34806,erouge6l@mashable.com,Non-binary,9611 Badeau Avenue
239,Mignon Pinnell,5,55,36356,mpinnell6m@amazon.co.jp,Female,9 Scofield Pass
240,Filberte Whiteland,2,41,27130,fwhiteland6n@photobucket.com,Male,745 Macpherson Avenue
241,Jermain Polhill,4,8,25146,jpolhill6o@hc360.com,Male,3820 Bonner Alley
242,Pieter Gawn,4,33,24144,pgawn6p@chron.com,Male,97 Redwing Park
243,Ozzy Gledhall,6,19,38922,ogledhall6q@trellian.com,Male,02808 Eggendart Road
244,Quentin Favey,4,42,36684,qfavey6r@upenn.edu,Male,7 Buena Vista Plaza
245,Jeanine Paunton,5,17,37078,jpaunton6s@mail.ru,Female,1 Golf Course Way
246,Renell Farrand,6,48,38521,rfarrand6t@latimes.com,Female,5 Veith Way
247,Eda Prestedge,4,48,32919,eprestedge6u@deliciousdays.com,Female,48108 Spohn Plaza
248,Cory Grisenthwaite,8,10,37050,cgrisenthwaite6v@blogtalkradio.com,Female,6953 Tony Junction
249,Ollie Van Son,2,51,35787,ovan6w@so-net.ne.jp,Male,9678 La Follette Street
250,Kaiser Mettricke,3,65,26398,kmettricke6x@360.cn,Male,20 Derek Park
251,Carol-jean Harston,1,21,23413,charston6y@pcworld.com,Female,138 Bowman Alley
252,Urbanus Hizir,6,61,37193,uhizir6z@photobucket.com,Male,31048 Southridge Hill
253,Ilka Moule,6,45,31940,imoule70@ovh.net,Female,348 Morningstar Trail
254,Margy Ferenczi,6,34,22352,mferenczi71@unblog.fr,Female,67377 Redwing Avenue
255,Hussein Camell,1,42,28202,hcamell72@businesswire.com,Male,7922 Graceland Hill
256,Freedman Franzotto,3,22,32260,ffranzotto73@icq.com,Male,3 Crownhardt Plaza
257,Theodoric Coales,5,29,26398,tcoales74@sakura.ne.jp,Male,0306 Crowley Junction
258,Madella Dome,3,44,35466,mdome75@ycombinator.com,Non-binary,267 Butterfield Point
259,Milicent Dorbon,4,32,26226,mdorbon76@people.com.cn,Female,7 Monica Trail
260,Bobette Aaronson,9,50,32282,baaronson77@github.com,Female,32 Northland Alley
261,Dyana Meece,7,51,34018,dmeece78@exblog.jp,Female,3 Express Place
262,Reiko Marikhin,6,64,36854,rmarikhin79@taobao.com,Female,0 Stephen Hill
263,Agatha Mankor,4,32,22081,amankor7a@spiegel.de,Female,04382 Bonner Circle
264,Philippe Stieger,2,10,30712,pstieger7b@acquirethisname.com,Female,8 Reindahl Way
265,Taite Raunds,9,51,36225,traunds7c@goo.ne.jp,Polygender,76 Myrtle Court
266,Dorine Massy,4,35,28876,dmassy7d@ow.ly,Female,448 Stang Hill
267,Peirce Augustin,9,4,25755,paugustin7e@ifeng.com,Agender,16 Jenna Point
268,Giovanni Fludgate,4,3,29827,gfludgate7f@friendfeed.com,Male,72 Fuller Parkway
269,Ethelind Buckwell,4,50,22472,ebuckwell7g@naver.com,Female,0293 Pankratz Point
270,Bernardo Milburne,3,9,37101,bmilburne7h@diigo.com,Male,978 Shopko Avenue
271,Antonin Fourman,1,17,29808,afourman7i@g.co,Male,741 Coolidge Park
272,Kristoffer Purle,9,54,24812,kpurle7j@webs.com,Male,4406 Spenser Junction
273,Yves Hurford,4,53,22642,yhurford7k@shutterfly.com,Male,08 Dwight Parkway
274,Kandy Mandrier,8,52,35092,kmandrier7l@hao123.com,Female,9461 Ruskin Avenue
275,Kora Father,6,49,22775,kfather7m@google.fr,Female,5424 Commercial Point
276,Pattin Gavagan,8,64,21967,pgavagan7n@dedecms.com,Male,59 Luster Pass
277,Dunc Brotherhed,8,12,23930,dbrotherhed7o@imageshack.us,Male,852 Bunker Hill Trail
278,Yoshiko Ruffles,7,47,36909,yruffles7p@house.gov,Female,7026 Dwight Court
279,Celie Toynbee,7,51,27419,ctoynbee7q@github.com,Female,97 Grayhawk Park
280,Fifi Klulicek,2,29,29002,fklulicek7r@1688.com,Polygender,2545 Maywood Crossing
281,Madelin Hayford,9,34,37367,mhayford7s@cnbc.com,Female,366 Toban Road
282,Langston Petriello,3,45,25600,lpetriello7t@qq.com,Male,39 Johnson Road
283,Clyve Lammerding,9,40,30495,clammerding7u@simplemachines.org,Male,8459 Carioca Circle
284,Leigh Gheerhaert,4,40,36603,lgheerhaert7v@liveinternet.ru,Female,01646 Stone Corner Center
285,Elfie Melton,6,32,35805,emelton7w@comsenz.com,Non-binary,048 Oakridge Junction
286,Olivero Starmont,7,9,24984,ostarmont7x@oaic.gov.au,Male,85307 Dennis Avenue
287,Pearla Bilam,7,19,27417,pbilam7y@t.co,Female,09455 Cody Drive
288,Dacy Esberger,5,39,28558,desberger7z@prnewswire.com,Female,31931 Eliot Point
289,Umeko Hardstaff,6,48,23336,uhardstaff80@webmd.com,Female,900 Northridge Park
290,Adora Muttock,1,22,39440,amuttock81@noaa.gov,Female,01548 Bayside Center
291,Hugh Chisnell,6,16,38093,hchisnell82@mapquest.com,Male,50 Nancy Court
292,Rudolfo Erdes,5,41,36794,rerdes83@gnu.org,Male,33 Crest Line Terrace
293,Husain Hun,8,8,34291,hhun84@utexas.edu,Male,168 Bartillon Parkway
294,Taylor Nerney,8,1,30317,tnerney85@seesaa.net,Male,80 Rowland Terrace
295,Pietrek Mielnik,8,57,28257,pmielnik86@usda.gov,Male,1694 Oak Place
296,Friedrick Belham,9,55,26079,fbelham87@pinterest.com,Male,79241 Dorton Road
297,Sibylla Garlick,9,33,29254,sgarlick88@tinypic.com,Female,00143 Macpherson Pass
298,Patrice Verlinden,2,8,36464,pverlinden89@go.com,Male,526 Kings Lane
299,Ciro Ivushkin,4,22,36652,civushkin8a@de.vu,Male,7900 Crownhardt Drive
300,Drud Rockall,1,37,34818,drockall8b@ameblo.jp,Male,418 Armistice Avenue
301,Clayson Studd,3,45,24435,cstudd8c@ihg.com,Male,88 Fieldstone Road
302,Allianora Mattioni,1,64,29391,amattioni8d@netvibes.com,Female,2774 Moland Plaza
303,Des Krimmer,5,16,27859,dkrimmer8e@hostgator.com,Male,57 Russell Lane
304,Maribeth Brabender,5,30,28631,mbrabender8f@indiegogo.com,Genderfluid,0047 Anthes Point
305,Feliks Swaine,2,46,26529,fswaine8g@w3.org,Male,98 Sage Trail
306,Miranda Paule,3,17,38752,mpaule8h@cargocollective.com,Female,48 Stoughton Hill
307,Roseann Dysart,8,36,31114,rdysart8i@amazon.co.uk,Female,6529 Oak Valley Crossing
308,Phip Breche,3,36,24727,pbreche8j@timesonline.co.uk,Bigender,397 Hallows Pass
309,Percival Heersema,8,8,33500,pheersema8k@va.gov,Male,0734 Menomonie Parkway
310,Hartwell Otterwell,3,53,20382,hotterwell8l@thetimes.co.uk,Male,136 Cambridge Circle
311,Melisandra Greber,5,29,35797,mgreber8m@lycos.com,Female,336 Lakewood Gardens Road
312,Alika Corkish,2,58,28134,acorkish8n@amazon.co.jp,Female,3 Westridge Way
313,Pancho Bortolussi,9,62,35463,pbortolussi8o@flavors.me,Male,3491 5th Circle
314,Davin Fleeman,4,29,22767,dfleeman8p@yahoo.com,Male,28932 Fallview Junction
315,Sandi Cushelly,3,26,31237,scushelly8q@prlog.org,Female,9364 Oneill Street
316,Saul Kilmartin,6,59,21469,skilmartin8r@seesaa.net,Male,8 Fisk Plaza
317,Barb Padly,5,33,21383,bpadly8s@multiply.com,Bigender,50526 American Ash Hill
318,Jazmin Barcke,1,26,28687,jbarcke8t@gravatar.com,Female,2 Kings Terrace
319,Jacques Calcutt,2,11,36794,jcalcutt8u@squidoo.com,Genderqueer,6 Kedzie Junction
320,Shannon Jakubowicz,5,3,31670,sjakubowicz8v@free.fr,Male,51 Scoville Parkway
321,Lilas Klewer,8,62,27404,lklewer8w@surveymonkey.com,Female,3 Hovde Junction
322,Cole Fontaine,1,10,23055,cfontaine8x@qq.com,Male,15 Columbus Lane
323,Sigismund Ilott,2,59,22169,silott8y@phoca.cz,Male,39374 Stephen Alley
324,Faustina Labon,1,33,25159,flabon8z@npr.org,Female,6 Talisman Plaza
325,Thatch Coatsworth,5,18,25232,tcoatsworth90@vinaora.com,Male,307 Crescent Oaks Court
326,Marris Seide,2,15,26591,mseide91@usgs.gov,Female,9176 Washington Parkway
327,Jemima Waldie,4,39,37782,jwaldie92@webmd.com,Female,1 Holmberg Place
328,Tamma Lawles,2,63,38769,tlawles93@amazonaws.com,Female,21 Barby Street
329,Lanette Ertelt,7,17,26588,lertelt94@slate.com,Female,1005 American Ash Pass
330,Andromache Farrears,4,56,25803,afarrears95@princeton.edu,Agender,13460 Luster Lane
331,Venita Wharf,9,32,31296,vwharf96@umn.edu,Female,37 Arrowood Junction
332,Kim McKeefry,9,22,26642,kmckeefry97@addthis.com,Female,7064 Forster Trail
333,Velma Retallack,3,11,37590,vretallack98@bravesites.com,Female,0 Milwaukee Crossing
334,Adelice Powlett,2,17,39368,apowlett99@google.it,Female,73381 Bonner Park
335,Marietta Tregenza,6,30,39859,mtregenza9a@comsenz.com,Female,530 Lyons Point
336,Giorgio Ruit,5,49,35467,gruit9b@indiatimes.com,Male,63661 Messerschmidt Terrace
337,Culver Henrichsen,8,42,29439,chenrichsen9c@ibm.com,Male,07 Lakewood Pass
338,Cordie Cuzen,1,37,26807,ccuzen9d@vkontakte.ru,Male,9 Cherokee Parkway
339,Irvin Waltho,7,7,39608,iwaltho9e@flavors.me,Male,1846 Onsgard Drive
340,Ingemar Fretson,2,18,26740,ifretson9f@woothemes.com,Male,87004 Prentice Plaza
341,Katherina Matiasek,5,25,33292,kmatiasek9g@techcrunch.com,Female,9 Lighthouse Bay Terrace
342,Meagan Drennan,2,6,31893,mdrennan9h@bloglovin.com,Female,52 Rigney Junction
343,Orly Adnett,7,15,29368,oadnett9i@google.co.uk,Female,9947 Waubesa Terrace
344,Malvina Boome,9,15,30064,mboome9j@tumblr.com,Female,1 Mcbride Trail
345,Madelyn Pillman,4,14,21874,mpillman9k@amazon.co.jp,Female,3 Sachtjen Plaza
346,Moll Dresser,6,65,31637,mdresser9l@e-recht24.de,Female,580 Green Ridge Lane
347,Vaughan Meade,3,14,35678,vmeade9m@surveymonkey.com,Polygender,92 Commercial Hill
348,Raff Banaszewski,3,19,22674,rbanaszewski9n@angelfire.com,Male,86 Buell Hill
349,Lexine Wordsworth,3,5,34577,lwordsworth9o@w3.org,Female,4 Mesta Pass
350,Nilson Acres,7,1,31329,nacres9p@usa.gov,Male,61 Vermont Crossing
351,Gran Alyutin,7,15,35344,galyutin9q@w3.org,Male,098 Arapahoe Point
352,Karly Toping,8,21,35614,ktoping9r@aol.com,Female,8 Anhalt Plaza
353,Olin Ioan,6,26,33412,oioan9s@qq.com,Male,206 Armistice Point
354,Dickie Cancutt,8,44,32493,dcancutt9t@hatena.ne.jp,Male,8385 Ridge Oak Crossing
355,Riki Libby,7,12,27588,rlibby9u@reuters.com,Female,36320 Valley Edge Plaza
356,Skye LeEstut,6,64,23147,sleestut9v@paginegialle.it,Male,88510 4th Junction
357,Ulises Govern,5,40,22342,ugovern9w@arizona.edu,Male,5926 Scott Court
358,Marmaduke Alltimes,7,54,39043,malltimes9x@state.gov,Male,91 Dorton Parkway
359,Aviva Burnall,7,8,39781,aburnall9y@newyorker.com,Female,4 Butterfield Alley
360,Isidro Balasini,2,44,28506,ibalasini9z@canalblog.com,Male,95 Elka Hill
361,Yvon Otteridge,5,24,34993,yotteridgea0@washington.edu,Male,7442 Di Loreto Park
362,Pris Laingmaid,2,47,38373,plaingmaida1@nymag.com,Female,04 Hovde Drive
363,Milka Leatherborrow,1,25,25936,mleatherborrowa2@whitehouse.gov,Female,5665 Elka Alley
364,Arty Eliasen,6,14,23989,aeliasena3@salon.com,Male,5839 Thompson Park
365,Kathlin Trencher,8,51,33358,ktrenchera4@usa.gov,Female,739 Kings Road
366,Lenora Crichley,9,54,24879,lcrichleya5@hibu.com,Female,1 Dorton Crossing
367,Leigh Marunchak,6,18,28466,lmarunchaka6@ebay.co.uk,Female,9 Gerald Parkway
368,Tomkin Dymoke,9,26,29229,tdymokea7@uiuc.edu,Genderqueer,96 Manley Lane
369,Annmaria Thorndale,5,49,30067,athorndalea8@webnode.com,Female,69 Dayton Pass
370,Mozelle Matityahu,6,21,22739,mmatityahua9@patch.com,Female,804 Bartelt Lane
371,Monroe Maleney,9,25,33383,mmaleneyaa@ebay.co.uk,Male,89590 Crest Line Junction
372,Almire Whicher,9,18,25712,awhicherab@census.gov,Female,1609 Delladonna Crossing
373,Ripley Spowart,7,1,37585,rspowartac@nymag.com,Male,69249 Lien Parkway
374,Klemens McArdell,2,27,35454,kmcardellad@blog.com,Male,3667 Alpine Crossing
375,Micky Sciusscietto,4,12,37607,msciussciettoae@archive.org,Male,2 Mitchell Trail
376,Bibbye Beckenham,2,30,29311,bbeckenhamaf@abc.net.au,Female,44 Toban Terrace
377,Lamont Masselin,4,13,27079,lmasselinag@opensource.org,Male,10 Bultman Park
378,Fernande Crossfeld,6,54,35831,fcrossfeldah@gizmodo.com,Female,48 Knutson Terrace
379,Berty Doreward,4,49,29177,bdorewardai@dmoz.org,Male,9 Leroy Point
380,Casar Torra,7,24,26603,ctorraaj@yandex.ru,Male,54 Sauthoff Drive
381,Nikki Skelcher,8,39,38137,nskelcherak@ox.ac.uk,Male,33 Roxbury Street
382,Esra Neill,5,42,24483,eneillal@cdbaby.com,Male,8933 Independence Junction
383,Frasier MacIllrick,9,38,23269,fmacillrickam@prnewswire.com,Male,58533 Jay Drive
384,Sari Bernardotte,1,32,26532,sbernardottean@theguardian.com,Female,87 Ruskin Park
385,Fredek Dutton,8,7,25916,fduttonao@google.cn,Male,21 Mockingbird Avenue
386,Bendick Gartery,3,6,32767,bgarteryap@addtoany.com,Male,64499 Springview Parkway
387,Corena Volk,4,39,32312,cvolkaq@nasa.gov,Female,117 Manufacturers Parkway
388,Bell Tosdevin,1,18,29049,btosdevinar@gmpg.org,Agender,44 Redwing Trail
389,Lorrie Bellon,6,40,32374,lbellonas@weather.com,Male,5 Loftsgordon Junction
390,Robinet McRae,5,47,26416,rmcraeat@youku.com,Female,11735 Nobel Trail
391,Onfre Rosenbloom,8,30,27358,orosenbloomau@businesswire.com,Male,5823 Bultman Drive
392,Marris Beck,8,57,34208,mbeckav@mapquest.com,Bigender,79095 Chinook Junction
393,Germaine Sterry,1,60,35506,gsterryaw@pagesperso-orange.fr,Male,8 Thackeray Road
394,Woodrow Walthall,9,37,36787,wwalthallax@photobucket.com,Male,31 Commercial Court
395,Gates Mutter,3,52,31832,gmutteray@tamu.edu,Female,8 Knutson Junction
396,Misha Shenton,2,8,24415,mshentonaz@ebay.com,Genderqueer,470 Glendale Way
397,Markos Matthessen,4,23,20687,mmatthessenb0@forbes.com,Male,0 Mcbride Pass
398,De Gres,3,34,34384,dgresb1@un.org,Female,0 Kinsman Way
399,August Ewell,1,38,28628,aewellb2@sohu.com,Male,2 Jackson Drive
400,Berny McNair,3,64,24304,bmcnairb3@prnewswire.com,Male,88085 Nancy Circle
401,Bjorn Sharvill,9,20,24716,bsharvillb4@google.ca,Polygender,5 Comanche Circle
402,Flo Sheridan,5,53,20337,fsheridanb5@msu.edu,Female,9603 Reindahl Circle
403,Wyndham Janas,5,53,23851,wjanasb6@nydailynews.com,Male,8832 Crescent Oaks Parkway
404,Boote Carrack,5,5,27919,bcarrackb7@boston.com,Male,23672 Shasta Center
405,Cale Eggleton,9,26,36703,ceggletonb8@flickr.com,Male,2 Florence Drive
406,Chandal Dimitrescu,1,3,20766,cdimitrescub9@wordpress.org,Bigender,3383 Transport Place
407,Ken Vequaud,7,52,20839,kvequaudba@quantcast.com,Male,8825 John Wall Road
408,Jamima Skpsey,3,22,32528,jskpseybb@oaic.gov.au,Female,9 Fallview Crossing
409,Alard Vondruska,9,29,24080,avondruskabc@apple.com,Male,9515 Killdeer Road
410,Amy Dalrymple,8,6,21271,adalrymplebd@hud.gov,Female,6277 Tony Lane
411,Ad Ciccarelli,8,37,27078,aciccarellibe@unicef.org,Male,75 Karstens Park
412,Bonnee Blything,3,60,28065,bblythingbf@slashdot.org,Female,5897 Ilene Court
413,Margot Rossborough,1,9,34972,mrossboroughbg@newsvine.com,Female,20808 Becker Plaza
414,Giulio Girdlestone,9,44,35776,ggirdlestonebh@addthis.com,Bigender,6581 Fisk Trail
415,Lief St. Queintain,7,50,20764,lstbi@studiopress.com,Male,44464 Village Green Point
416,Jean Annandale,2,29,39543,jannandalebj@census.gov,Male,7 Green Ridge Trail
417,Burnard Hellikes,4,38,27699,bhellikesbk@engadget.com,Male,33645 Nancy Plaza
418,Rani Hatterslay,4,13,22542,rhatterslaybl@va.gov,Female,582 Scott Road
419,Mildrid Prophet,7,5,33142,mprophetbm@tinyurl.com,Female,7122 Monica Park
420,Maris Cleaveland,7,14,31598,mcleavelandbn@ibm.com,Female,3008 Waywood Way
421,Chauncey Elvey,3,39,22746,celveybo@bing.com,Male,4279 Mesta Pass
422,Bastien Purchall,1,21,32792,bpurchallbp@moonfruit.com,Male,63 Westport Center
423,Doll Trewhela,3,43,21553,dtrewhelabq@mapy.cz,Female,20 Main Avenue
424,Rudy Varfalameev,7,54,22954,rvarfalameevbr@wikimedia.org,Male,2 Walton Court
425,Kiley Poolman,7,60,29935,kpoolmanbs@house.gov,Female,5473 Express Center
426,Lula Woolaston,8,31,37325,lwoolastonbt@bbb.org,Female,2 Lukken Terrace
427,Dyann Stonehewer,9,26,34278,dstonehewerbu@csmonitor.com,Bigender,9 Morrow Way
428,Branden Klampk,7,35,25269,bklampkbv@canalblog.com,Male,47026 Pepper Wood Plaza
429,Alex Courtenay,3,8,31074,acourtenaybw@slashdot.org,Polygender,74 Miller Way
430,Kattie Eslie,9,16,30325,kesliebx@mozilla.org,Female,2 Hoffman Trail
431,Kim Ondracek,2,46,29642,kondracekby@sbwire.com,Male,001 Shasta Center
432,Stanfield Edgworth,1,39,29481,sedgworthbz@xing.com,Male,32 Maywood Parkway
433,Vachel Crinage,1,59,27261,vcrinagec0@auda.org.au,Male,26 Drewry Place
434,Thorpe Croasdale,5,44,24510,tcroasdalec1@japanpost.jp,Male,67625 Parkside Plaza
435,Dion Moatt,5,9,38313,dmoattc2@skype.com,Female,7234 Lukken Place
436,Dulcie Critchard,2,63,35217,dcritchardc3@i2i.jp,Female,3 Crowley Road
437,Kennett Sallowaye,4,9,24912,ksallowayec4@123-reg.co.uk,Male,79 5th Pass
438,Junie Allnutt,6,44,24475,jallnuttc5@alibaba.com,Female,00850 Armistice Court
439,Hetti Trobe,8,7,33431,htrobec6@aol.com,Genderqueer,8 Bowman Park
440,Nola Wrightson,7,65,26579,nwrightsonc7@yale.edu,Female,71 Parkside Parkway
441,Mariette Yegorshin,7,19,27689,myegorshinc8@tuttocitta.it,Female,02 Macpherson Lane
442,Mindy Fillan,2,5,21890,mfillanc9@cafepress.com,Female,766 Gale Plaza
443,Gregoire Beaney,3,10,23352,gbeaneyca@cnbc.com,Male,1 Northport Point
444,Gerald Maybury,6,38,27271,gmayburycb@mtv.com,Male,19 Bartelt Parkway
445,Nickolas Pleager,7,23,27039,npleagercc@nyu.edu,Male,755 Monument Hill
446,Ilse Bartosinski,9,20,30314,ibartosinskicd@addthis.com,Female,69 Northport Street
447,Oberon Oloshin,5,13,36315,ooloshince@sitemeter.com,Male,46 Eggendart Place
448,Piggy Labern,6,24,21303,plaberncf@photobucket.com,Male,718 Dovetail Park
449,Chris Crankhorn,5,64,31533,ccrankhorncg@soup.io,Female,06 Maryland Plaza
450,Florie Highman,6,45,32933,fhighmanch@columbia.edu,Genderqueer,1531 Delladonna Street
451,Ingram Antowski,3,46,34018,iantowskici@angelfire.com,Bigender,91 Anhalt Drive
452,Ian Forrestall,3,62,33484,iforrestallcj@liveinternet.ru,Male,61599 Gulseth Court
453,Nikita Khotler,6,31,21107,nkhotlerck@goo.gl,Male,371 South Hill
454,Octavia Tumelty,3,26,27891,otumeltycl@chronoengine.com,Female,87 Ludington Way
455,Kirbee Symon,7,1,33220,ksymoncm@reverbnation.com,Female,3633 Dorton Trail
456,Lexis Anglin,2,59,22740,langlincn@tiny.cc,Female,2 Northfield Crossing
457,Claudell Aronovitz,2,45,25856,caronovitzco@dion.ne.jp,Male,36874 Oriole Court
458,Calhoun Antonomoli,7,32,24131,cantonomolicp@ehow.com,Male,033 Harper Crossing
459,Bjorn Esson,2,51,21188,bessoncq@amazon.de,Male,5 Pankratz Drive
460,Meridith Wallington,1,43,37815,mwallingtoncr@symantec.com,Female,401 Crowley Street
461,Sephira Eam,9,12,34746,seamcs@tinypic.com,Female,268 Sunnyside Junction
462,Shani Featherstonhalgh,4,5,34933,sfeatherstonhalghct@de.vu,Female,2869 Manitowish Trail
463,Dorene Penley,6,40,36874,dpenleycu@nyu.edu,Female,73185 Corben Lane
464,Mauricio Bishop,7,45,37356,mbishopcv@businessweek.com,Male,9 Northview Point
465,Gare Giddings,8,23,22817,ggiddingscw@pcworld.com,Male,6 Vahlen Junction
466,Yule O'Deoran,1,34,20144,yodeorancx@dion.ne.jp,Male,8183 Bunker Hill Alley
467,Myrtia Hayball,2,26,26588,mhayballcy@cbc.ca,Female,4226 Darwin Terrace
468,Indira Charnock,2,60,38432,icharnockcz@so-net.ne.jp,Female,07 Esch Hill
469,Andy Ramard,9,32,39475,aramardd0@scribd.com,Female,5 Mallory Way
470,Mozelle Castanone,2,2,32477,mcastanoned1@live.com,Female,129 Little Fleur Circle
471,Georgianne Coutts,7,20,23687,gcouttsd2@illinois.edu,Female,5 Prentice Trail
472,Christoforo Scranedge,6,6,28781,cscranedged3@smh.com.au,Male,51 Del Sol Hill
473,Jozef Vicarey,9,6,23638,jvicareyd4@scribd.com,Male,5915 Claremont Road
474,Hillie Bourgourd,2,47,35479,hbourgourdd5@opensource.org,Male,6 Petterle Alley
475,Tabbitha Palmar,2,37,25518,tpalmard6@gizmodo.com,Female,26 Killdeer Hill
476,Bradly Silvers,7,25,27374,bsilversd7@1688.com,Male,58424 Homewood Point
477,Thorsten Guyers,5,34,29636,tguyersd8@printfriendly.com,Male,55147 Algoma Circle
478,Jamey Crannach,5,44,33323,jcrannachd9@yellowbook.com,Male,2058 Quincy Way
479,Wye Castella,3,14,30814,wcastellada@globo.com,Male,4629 Mesta Place
480,Aurlie Swiffin,1,51,26583,aswiffindb@webeden.co.uk,Female,8995 Kipling Park
481,Augie Bernardotte,9,56,28197,abernardottedc@virginia.edu,Agender,16938 Caliangt Center
482,Jeth Antuoni,9,13,24382,jantuonidd@fotki.com,Male,2 Montana Parkway
483,Dolly Siddon,1,35,37221,dsiddonde@patch.com,Female,41 John Wall Park
484,Osgood Toke,2,53,20608,otokedf@netlog.com,Male,4 Fuller Street
485,Christoffer Hoyt,5,25,34198,choytdg@wordpress.com,Male,1764 Granby Place
486,Berne Daymond,6,11,30691,bdaymonddh@cbslocal.com,Male,667 Main Circle
487,Loy Meagher,2,34,36941,lmeagherdi@cdc.gov,Male,477 Tomscot Center
488,Giraud Lambarton,3,7,30245,glambartondj@cmu.edu,Male,89603 Upham Crossing
489,Susan Bonney,6,32,33143,sbonneydk@disqus.com,Female,091 Sundown Plaza
490,Brose Tilzey,9,65,26497,btilzeydl@shutterfly.com,Male,67 Mendota Trail
491,Gerome Skillanders,9,15,32977,gskillandersdm@printfriendly.com,Male,9 Forster Avenue
492,Josepha Stockney,1,57,20798,jstockneydn@eventbrite.com,Female,299 Gale Place
493,Helli Busby,2,12,27965,hbusbydo@sohu.com,Female,22 Trailsway Street
494,Clyde Durbann,3,42,24065,cdurbanndp@uol.com.br,Bigender,536 Shopko Parkway
495,Cosimo Housbie,6,61,39411,chousbiedq@mashable.com,Male,08 Carey Junction
496,Arnaldo Attersoll,6,12,36107,aattersolldr@sciencedirect.com,Male,34 Duke Lane
497,Ozzy Gilfillan,5,21,25796,ogilfillands@netvibes.com,Male,68 Anzinger Avenue
498,Sonni Astin,6,36,34937,sastindt@meetup.com,Female,47792 Graedel Alley
499,Margarita Cuchey,7,55,37452,mcucheydu@t-online.de,Polygender,5599 Heffernan Alley
500,Jerrie Eady,8,3,34326,jeadydv@wired.com,Female,13 Hagan Avenue
