Id_Estudiante,Nombre_Completo,Id_Centro,Id_Carrera,Correo,Sexo,Direccion
1,Bevan Scandrett,7,17,bscandrett0@wiley.com,Male,210 Di Loreto Court
2,Zebedee Claisse,8,61,zclaisse1@si.edu,Male,7 Gerald Lane
3,Shandie Marr,4,2,smarr2@symantec.com,Female,46005 Gateway Trail
4,Remington Newcome,9,4,rnewcome3@bluehost.com,Male,69 Mcbride Avenue
5,Bellina Ivett,6,59,bivett4@ftc.gov,Female,87 Gateway Avenue
6,Emile Capps,8,54,ecapps5@edublogs.org,Male,497 Bay Crossing
7,Marsha Fragino,6,42,mfragino6@vimeo.com,Female,9 Swallow Drive
8,Junie Vautin,4,47,jvautin7@webnode.com,Polygender,72 Twin Pines Parkway
9,Leighton Ajean,9,11,lajean8@cnn.com,Male,0 Transport Street
10,Riobard Cleeton,3,56,rcleeton9@washington.edu,Male,3 Lakewood Road
11,Garner Lackey,9,3,glackeya@aboutads.info,Male,52383 Monterey Trail
12,Phip Claypool,2,39,pclaypoolb@google.com.hk,Male,50 Badeau Parkway
13,Noella D'Onisi,8,28,ndonisic@desdev.cn,Genderqueer,00614 Springview Road
14,Catlin Birdsey,3,45,cbirdseyd@netlog.com,Agender,181 Fordem Way
15,Wilt Ragles,6,44,wraglese@wix.com,Male,45465 Arkansas Center
16,Jay Canto,1,34,jcantof@house.gov,Male,67383 Mesta Park
17,Janel Puddin,9,19,jpudding@behance.net,Female,8 Blue Bill Park Circle
18,Leland Malham,1,50,lmalhamh@ibm.com,Female,468 Hoard Road
19,Bobine Nendick,9,51,bnendicki@liveinternet.ru,Female,809 Monterey Alley
20,Jolene Turfes,4,11,jturfesj@hao123.com,Female,57 Jenifer Parkway
21,Magdalene Soggee,1,34,msoggeek@hibu.com,Female,9 Northfield Center
22,Griffy Walbrun,1,20,gwalbrunl@goo.ne.jp,Male,69909 Buell Way
23,Ansley Bradd,2,8,abraddm@amazon.com,Female,0328 Susan Court
24,Lennard Jodlkowski,4,23,ljodlkowskin@skype.com,Male,88 Tennessee Lane
25,Evelin De Mars,3,46,edeo@nba.com,Male,975 Farmco Circle
26,Gabrila Giacomelli,2,46,ggiacomellip@xing.com,Female,2 Basil Parkway
27,Greggory Brydone,4,63,gbrydoneq@telegraph.co.uk,Male,93 Browning Circle
28,Ryon Carwardine,3,11,rcarwardiner@pbs.org,Male,9114 Almo Circle
29,Suzette Imore,1,14,simores@paypal.com,Female,8 Thierer Street
30,Milty Grosier,2,48,mgrosiert@foxnews.com,Male,0 Sutteridge Trail
31,Shae Brandham,9,40,sbrandhamu@europa.eu,Male,04180 Gale Place
32,Guillema Auckland,7,54,gaucklandv@t-online.de,Bigender,044 Packers Pass
33,Gilligan Bowden,2,65,gbowdenw@globo.com,Female,5607 Veith Center
34,Westbrook Hampe,9,46,whampex@arizona.edu,Agender,3 Brentwood Drive
35,Tedmund Baldi,9,29,tbaldiy@trellian.com,Male,03855 Colorado Road
36,Grier Dimitresco,1,40,gdimitrescoz@globo.com,Female,273 Dixon Court
37,Sidoney Cockroft,9,49,scockroft10@dagondesign.com,Female,87 Armistice Pass
38,Denney Andrewartha,1,41,dandrewartha11@dailymail.co.uk,Male,5 Fallview Circle
39,Gilbertina Lidgley,1,52,glidgley12@unicef.org,Female,47929 Sycamore Lane
40,Alfie Ventom,6,19,aventom13@loc.gov,Male,32244 Fairfield Lane
41,Zaria Pena,6,17,zpena14@google.co.uk,Female,29 Upham Way
42,Lamont Ovesen,3,1,lovesen15@yelp.com,Male,017 Express Lane
43,Sidonia Whitehead,5,24,swhitehead16@bloglovin.com,Female,4098 Warner Junction
44,Mureil Costelloe,2,3,mcostelloe17@thetimes.co.uk,Bigender,43 Derek Way
45,Sandor Merigeau,3,11,smerigeau18@furl.net,Male,12 Bluejay Alley
46,Ruprecht Tison,8,23,rtison19@redcross.org,Male,66 Kim Road
47,Kristo Hughman,7,21,khughman1a@pbs.org,Male,4 Mesta Alley
48,Wainwright Tooze,4,17,wtooze1b@networkadvertising.org,Male,24 Melvin Avenue
49,Bernadina Greder,7,48,bgreder1c@1688.com,Female,4 Loftsgordon Circle
50,Nikki Gasticke,8,48,ngasticke1d@zdnet.com,Female,80561 Fairview Way
51,Madlen Simeonov,3,61,msimeonov1e@shop-pro.jp,Female,8308 Brown Street
52,Carolyn Coopland,9,58,ccoopland1f@wikispaces.com,Female,09095 Cottonwood Avenue
53,Maude Read,7,5,mread1g@furl.net,Female,5278 Atwood Lane
54,Birdie Corkan,9,11,bcorkan1h@cbslocal.com,Female,290 Crowley Pass
55,Karl McCardle,6,50,kmccardle1i@va.gov,Male,82503 Cottonwood Alley
56,Boony Rackley,6,8,brackley1j@redcross.org,Male,823 John Wall Drive
57,Beale D'Aeth,3,32,bdaeth1k@printfriendly.com,Male,7866 Blackbird Parkway
58,Melisenda Chadbourne,6,40,mchadbourne1l@networkadvertising.org,Agender,506 Harbort Avenue
59,Gardy Twinberrow,6,63,gtwinberrow1m@mashable.com,Male,7296 Gateway Alley
60,Ina Mundy,9,20,imundy1n@cnn.com,Bigender,06898 Sauthoff Hill
61,Bernardo Carlesso,4,45,bcarlesso1o@twitter.com,Male,5814 Lakewood Park
62,Marylynne O'Loghlen,7,9,mologhlen1p@mysql.com,Female,152 Morning Park
63,Gennifer Jaggard,6,39,gjaggard1q@discovery.com,Female,42 8th Plaza
64,Midge Sharville,3,2,msharville1r@joomla.org,Female,7 Loeprich Place
65,Alikee Caulfield,5,46,acaulfield1s@ucoz.com,Female,138 Garrison Point
66,Francis Barltrop,4,20,fbarltrop1t@eepurl.com,Male,0786 Magdeline Plaza
67,Kelsey Farady,8,58,kfarady1u@facebook.com,Female,4 Shoshone Lane
68,Leola Javes,1,21,ljaves1v@cam.ac.uk,Female,50 Maywood Terrace
69,Aubree Powley,7,48,apowley1w@intel.com,Female,21 Gulseth Court
70,Lily O'Sculley,1,36,losculley1x@posterous.com,Female,363 Lotheville Drive
71,Ailina Mathelon,3,54,amathelon1y@paginegialle.it,Female,439 Truax Pass
72,Roddie Olorenshaw,1,39,rolorenshaw1z@virginia.edu,Male,9786 Springview Lane
73,Tori Elcy,1,35,telcy20@ted.com,Female,9084 Emmet Court
74,Theresita Tomaino,3,58,ttomaino21@meetup.com,Female,70884 Graceland Court
75,Austin Heild,4,27,aheild22@paypal.com,Male,315 Kensington Alley
76,Ingmar Laister,5,6,ilaister23@ucla.edu,Bigender,92385 Coolidge Court
77,Koral Filippello,9,37,kfilippello24@gmpg.org,Female,701 Fulton Hill
78,Georgeanne Crispin,8,47,gcrispin25@japanpost.jp,Female,92 Ridgeview Terrace
79,Teador Elsy,1,13,telsy26@people.com.cn,Genderqueer,16 Village Lane
80,Dicky Dolley,8,3,ddolley27@godaddy.com,Male,142 Sutherland Park
81,Callean Trevon,3,64,ctrevon28@pen.io,Male,0 Vahlen Street
82,Fredelia Pocklington,1,48,fpocklington29@sciencedirect.com,Female,36 Mayer Lane
83,Dori Bagg,7,21,dbagg2a@reddit.com,Female,457 Lillian Pass
84,Sadye Cail,8,28,scail2b@hatena.ne.jp,Female,3142 Starling Court
85,Darrel Girodon,7,25,dgirodon2c@etsy.com,Male,20875 Nancy Place
86,Nat Cauderlie,3,54,ncauderlie2d@wired.com,Genderfluid,78 Huxley Circle
87,Lem Gianotti,7,22,lgianotti2e@amazon.co.jp,Male,0 Bultman Junction
88,Eda Garfitt,1,48,egarfitt2f@bravesites.com,Female,99204 Carberry Hill
89,Morissa Vinten,3,23,mvinten2g@nba.com,Female,4 Atwood Lane
90,Mirelle Wingrove,2,22,mwingrove2h@apache.org,Female,94 Rockefeller Center
91,Paulina Joust,5,48,pjoust2i@linkedin.com,Bigender,83 Arkansas Junction
92,Amara Zelley,4,46,azelley2j@fema.gov,Genderqueer,19352 Westridge Trail
93,Foss Le Noire,5,51,fle2k@symantec.com,Male,050 Westerfield Way
94,Kayne Readie,5,19,kreadie2l@icq.com,Male,2 Village Parkway
95,Albina Zucker,1,6,azucker2m@bloomberg.com,Female,862 Roth Terrace
96,Christye Kilgallon,5,26,ckilgallon2n@eepurl.com,Female,6276 Coolidge Junction
97,Jeane St Leger,2,57,jst2o@ox.ac.uk,Female,03 Redwing Center
98,Sunny Dwelley,4,22,sdwelley2p@google.it,Male,279 Union Park
99,Filippo McTeer,6,51,fmcteer2q@nydailynews.com,Male,500 Quincy Hill
100,Angelique Robjant,6,33,arobjant2r@washington.edu,Female,39 Ridgeway Way
101,Blaire Iwanowski,4,20,biwanowski2s@illinois.edu,Bigender,2991 Oak Valley Road
102,Cirilo Brabban,8,13,cbrabban2t@nytimes.com,Male,27659 Maple Wood Trail
103,Eda Potier,3,14,epotier2u@theguardian.com,Female,2897 Canary Park
104,Betsy Essel,1,7,bessel2v@ycombinator.com,Female,0773 Northridge Pass
105,Gabi Borit,2,13,gborit2w@behance.net,Female,48696 Eastwood Alley
106,Bryna MacShirrie,7,25,bmacshirrie2x@photobucket.com,Female,96 Moulton Street
107,Austin Dearness,6,18,adearness2y@yolasite.com,Genderqueer,01586 Butterfield Alley
108,Annemarie Guyon,5,58,aguyon2z@wp.com,Female,950 Pearson Park
109,Ellette Whitwam,4,13,ewhitwam30@yelp.com,Female,119 Grover Center
110,Almire Juszczyk,4,47,ajuszczyk31@yolasite.com,Agender,4344 Larry Lane
111,Teriann Moles,5,60,tmoles32@yale.edu,Genderfluid,2378 Gale Hill
112,Marcela Vonasek,7,63,mvonasek33@facebook.com,Female,732 Vidon Avenue
113,Base Gladtbach,3,2,bgladtbach34@utexas.edu,Male,742 Mccormick Pass
114,Wilmette Curd,3,45,wcurd35@topsy.com,Polygender,66 Kingsford Circle
115,Alford Sketch,2,57,asketch36@usda.gov,Male,7629 Harper Court
116,Tanner Wells,1,58,twells37@behance.net,Male,4654 Paget Plaza
117,Goober Wilshin,6,46,gwilshin38@jiathis.com,Male,5922 Miller Court
118,Caron Smiz,2,51,csmiz39@jimdo.com,Agender,56 Cottonwood Avenue
119,Karlis Dufour,8,25,kdufour3a@census.gov,Male,3 Rutledge Way
120,Lela Beeswing,2,8,lbeeswing3b@ebay.co.uk,Agender,5 Center Junction
121,Yurik Greenhead,3,11,ygreenhead3c@google.ca,Male,56 Boyd Way
122,Dolf Pyer,5,37,dpyer3d@hud.gov,Genderfluid,26 Glacier Hill Point
123,Jesse Mutter,7,51,jmutter3e@amazonaws.com,Female,3 Green Ridge Court
124,Jill Rapper,1,23,jrapper3f@guardian.co.uk,Female,99 Bellgrove Parkway
125,Pren Pentland,3,25,ppentland3g@oaic.gov.au,Male,6 Eagle Crest Avenue
126,Rusty Gullis,4,2,rgullis3h@mtv.com,Male,57490 Independence Junction
127,Leesa Hallbord,9,29,lhallbord3i@washingtonpost.com,Female,160 Hoard Pass
128,Micheal Reignard,1,34,mreignard3j@gnu.org,Male,47938 Erie Place
129,Barbara Kimbell,7,29,bkimbell3k@ovh.net,Female,1 Dovetail Lane
130,Lorenza Lackington,7,49,llackington3l@toplist.cz,Female,26 Acker Avenue
131,Alida Cruwys,4,28,acruwys3m@people.com.cn,Female,4 Bunker Hill Junction
132,Cletus Fifield,9,27,cfifield3n@list-manage.com,Male,41 Butterfield Avenue
133,Thaxter Klus,4,38,tklus3o@t.co,Male,0794 Glendale Parkway
134,Kyle Bosson,9,26,kbosson3p@who.int,Female,7 Calypso Point
135,Gus Bonhomme,9,31,gbonhomme3q@geocities.com,Female,8809 Dennis Way
136,Isis Aldhous,7,63,ialdhous3r@wordpress.org,Female,5 Mcbride Parkway
137,Bobine MacPaik,8,7,bmacpaik3s@hibu.com,Female,46 Dorton Court
138,Corella Petrou,1,49,cpetrou3t@sfgate.com,Female,48252 Arkansas Crossing
139,Felisha MacAlinden,9,36,fmacalinden3u@360.cn,Female,907 Bluejay Crossing
140,Leroi Oakton,5,3,loakton3v@hp.com,Male,147 Lukken Court
141,Orsa Weiner,3,4,oweiner3w@360.cn,Female,54 Twin Pines Avenue
142,Mable Lewens,9,21,mlewens3x@marriott.com,Female,3250 Golf View Parkway
143,Melloney Hawkswood,7,24,mhawkswood3y@cyberchimps.com,Polygender,93 Twin Pines Street
144,Eileen Peattie,9,54,epeattie3z@nhs.uk,Female,3 Oak Avenue
145,Franklin Bault,1,35,fbault40@washingtonpost.com,Male,335 Sullivan Lane
146,Aloin Tuohy,7,28,atuohy41@baidu.com,Male,3543 Schurz Pass
147,Hailee Elsom,3,20,helsom42@example.com,Female,21 Schurz Place
148,Caitlin Woofenden,4,29,cwoofenden43@icq.com,Female,70 Dovetail Crossing
149,Farlee Jex,8,53,fjex44@mashable.com,Male,0 Vahlen Center
150,Gilberte Antoniades,3,40,gantoniades45@geocities.jp,Female,04925 Nancy Drive
151,Hatti Reddington,8,2,hreddington46@ocn.ne.jp,Female,94017 Swallow Pass
152,Noel Pudsall,4,50,npudsall47@fotki.com,Male,5765 Waxwing Trail
153,Anne-marie Gatch,6,53,agatch48@independent.co.uk,Female,6 Glacier Hill Center
154,Shurlock Bugg,2,18,sbugg49@prweb.com,Genderfluid,60398 Mallard Pass
155,Mariellen Jados,7,3,mjados4a@dailymotion.com,Female,802 Hermina Court
156,Madelle Coles,1,13,mcoles4b@cafepress.com,Female,2726 Debra Avenue
157,Hanson Matiewe,4,8,hmatiewe4c@themeforest.net,Genderqueer,695 Sachs Point
158,Wendie Salmen,5,36,wsalmen4d@51.la,Female,3 Sachs Alley
159,Ellyn Cossor,9,47,ecossor4e@wix.com,Female,00 Emmet Drive
160,Tremaine Blakeman,3,46,tblakeman4f@drupal.org,Male,0312 Northview Road
161,Lucine Glennon,3,23,lglennon4g@jiathis.com,Female,344 American Crossing
162,Maurizia Heasley,1,38,mheasley4h@npr.org,Female,6081 Kennedy Junction
163,John Battey,3,2,jbattey4i@netscape.com,Male,7 Rusk Avenue
164,Belicia Sotheron,9,64,bsotheron4j@soup.io,Female,5 Sherman Point
165,Hulda Di Baudi,5,51,hdi4k@usatoday.com,Female,00019 Kim Avenue
166,Adorne Trusty,7,53,atrusty4l@cocolog-nifty.com,Female,90160 Maryland Junction
167,Joyan Palatino,8,7,jpalatino4m@topsy.com,Female,24177 Kensington Trail
168,Ryon Rogister,1,25,rrogister4n@narod.ru,Male,99 Scofield Junction
169,Michaela Bodesson,2,31,mbodesson4o@stanford.edu,Female,56 Farmco Crossing
170,Juli Bercher,7,29,jbercher4p@cam.ac.uk,Female,193 Dottie Drive
171,Hannah Vallintine,5,14,hvallintine4q@nytimes.com,Female,4 Independence Hill
172,Garek Brummitt,1,27,gbrummitt4r@blinklist.com,Male,62053 Lillian Park
173,Olive Lapere,6,50,olapere4s@wunderground.com,Female,01 Dayton Avenue
174,Kerstin Arnaldy,5,3,karnaldy4t@ibm.com,Female,75 Moland Drive
175,Malinda Kirgan,1,3,mkirgan4u@purevolume.com,Female,64398 Manitowish Place
176,Sunshine Belliss,3,62,sbelliss4v@kickstarter.com,Female,5 Esch Junction
177,Parnell Piercey,7,18,ppiercey4w@mozilla.org,Male,70 Nancy Parkway
178,Rozamond Sawtell,1,28,rsawtell4x@vinaora.com,Female,78 Crowley Junction
179,Chancey Reitenbach,2,63,creitenbach4y@go.com,Male,51 Cody Road
180,Flemming Craigie,8,55,fcraigie4z@pagesperso-orange.fr,Male,993 International Park
181,Henka Chowne,4,50,hchowne50@businesswire.com,Female,2 Pepper Wood Plaza
182,Dorisa Yeoman,2,24,dyeoman51@drupal.org,Female,8042 Anderson Parkway
183,Sayre Possek,3,62,spossek52@multiply.com,Male,33197 Straubel Point
184,Sheffield Bhatia,6,53,sbhatia53@yale.edu,Male,4 Leroy Crossing
185,Wanids Di Lucia,2,11,wdi54@yahoo.com,Female,26300 Hansons Street
186,Lewiss Marchington,9,9,lmarchington55@altervista.org,Male,47197 Reindahl Way
187,Aurel Carrack,7,46,acarrack56@vinaora.com,Female,1509 Schmedeman Hill
188,Aloysius Kellard,6,41,akellard57@list-manage.com,Male,2 Little Fleur Street
189,Roseanna Powers,5,31,rpowers58@slashdot.org,Female,0098 Meadow Vale Road
190,Lawry Lythgoe,8,4,llythgoe59@ovh.net,Male,96 Montana Place
191,Caro Taggart,6,14,ctaggart5a@jalbum.net,Female,372 Hanover Park
192,Erminia Stickler,4,50,estickler5b@ameblo.jp,Female,41 Autumn Leaf Road
193,Fredric Arcase,8,10,farcase5c@addthis.com,Male,39 Ryan Alley
194,Mildrid Fice,7,11,mfice5d@mail.ru,Female,1111 Nova Trail
195,Janella Waldron,2,30,jwaldron5e@4shared.com,Female,07 Gateway Lane
196,Hadley Ensley,2,34,hensley5f@tuttocitta.it,Male,02 Dayton Terrace
197,Lezley Sarl,9,33,lsarl5g@nytimes.com,Male,88 Superior Way
198,Rubie Vallentin,7,35,rvallentin5h@geocities.com,Female,0854 Nevada Park
199,Wilmette Beeres,6,61,wbeeres5i@t-online.de,Female,069 Dakota Crossing
200,Claudia Liccardo,4,36,cliccardo5j@google.co.jp,Female,10 Amoth Avenue
201,Iggy Lanigan,7,21,ilanigan5k@cnet.com,Male,623 Raven Lane
202,Rouvin Tulleth,4,10,rtulleth5l@mail.ru,Male,9894 Tony Trail
203,Bernhard Stetlye,6,1,bstetlye5m@state.gov,Male,0 Sommers Parkway
204,Peggie Keysel,5,55,pkeysel5n@mac.com,Female,558 Novick Plaza
205,Madeleine McCaughan,5,14,mmccaughan5o@newsvine.com,Female,909 Melody Place
206,Gabi Farfalameev,5,5,gfarfalameev5p@salon.com,Male,24540 Memorial Way
207,Gregg Coope,5,61,gcoope5q@acquirethisname.com,Male,203 Butternut Trail
208,Mattie Crack,5,39,mcrack5r@msu.edu,Female,9845 Manley Alley
209,Jobye Pundy,8,62,jpundy5s@yellowbook.com,Female,73544 Canary Parkway
210,Nelly Angelo,4,5,nangelo5t@gizmodo.com,Female,26730 Petterle Hill
211,Melody Demougeot,5,46,mdemougeot5u@yolasite.com,Non-binary,57 Prairieview Plaza
212,Mellicent Dowling,8,16,mdowling5v@mlb.com,Female,91481 Goodland Alley
213,Cal Utridge,4,22,cutridge5w@home.pl,Female,86237 Knutson Drive
214,Floyd Workman,8,13,fworkman5x@hubpages.com,Male,6806 Bellgrove Crossing
215,Correy Barr,1,54,cbarr5y@dagondesign.com,Male,79168 Lien Plaza
216,Hyacintha Batrip,5,57,hbatrip5z@arizona.edu,Female,15542 Maryland Street
217,Grier Brandsen,9,49,gbrandsen60@ning.com,Female,00 Mcguire Center
218,Dorelia Senchenko,8,52,dsenchenko61@squarespace.com,Female,21504 Ridge Oak Street
219,Julie Polycote,8,41,jpolycote62@ebay.com,Female,368 Del Mar Way
220,Kris Lawtey,2,46,klawtey63@technorati.com,Female,088 Clove Alley
221,Chic Deniso,2,65,cdeniso64@reverbnation.com,Male,5 Stuart Circle
222,Shelli Toten,8,20,stoten65@taobao.com,Female,218 Springs Plaza
223,Merrielle Hertwell,8,13,mhertwell66@census.gov,Female,6 Raven Center
224,Cord Beckley,5,7,cbeckley67@google.co.jp,Male,9 Portage Junction
225,Alfonso Jellico,6,27,ajellico68@sciencedirect.com,Male,8414 Oak Valley Terrace
226,Udell Juleff,5,28,ujuleff69@wired.com,Male,25911 Forest Run Plaza
227,Charla Brithman,3,46,cbrithman6a@google.nl,Female,48765 Waxwing Junction
228,Joice Carek,9,34,jcarek6b@mac.com,Female,56 Bellgrove Point
229,Braden McGillecole,2,38,bmcgillecole6c@examiner.com,Male,77100 Stephen Street
230,Sandor Gutans,9,39,sgutans6d@xinhuanet.com,Male,53 Novick Circle
231,Caroline Orleton,3,46,corleton6e@psu.edu,Female,59584 Ridge Oak Hill
232,Lezlie Eilert,6,13,leilert6f@mozilla.com,Bigender,25 Talisman Point
233,Gustav Sauven,1,20,gsauven6g@phpbb.com,Male,26 Bluejay Way
234,Arlinda Athersmith,9,29,aathersmith6h@networkadvertising.org,Female,04 Arapahoe Park
235,Chevalier Arsmith,7,20,carsmith6i@creativecommons.org,Male,4 Corben Circle
236,Shermy Losseljong,2,7,slosseljong6j@hibu.com,Male,61478 Dakota Place
237,Moe De Michele,9,36,mde6k@seattletimes.com,Male,18 Crownhardt Parkway
238,Minerva Alexandrou,3,44,malexandrou6l@google.ru,Polygender,50 Clyde Gallagher Point
239,Perkin Mingaye,8,8,pmingaye6m@cnbc.com,Male,3 Butternut Drive
240,Theresa Camble,8,23,tcamble6n@wordpress.org,Non-binary,69016 Fordem Place
241,Fernande Addicote,3,6,faddicote6o@tripod.com,Female,50 Jackson Court
242,Petronilla Savill,4,62,psavill6p@csmonitor.com,Polygender,0765 Towne Street
243,Pegeen Eccleshall,4,51,peccleshall6q@slate.com,Female,026 Myrtle Street
244,Earlie Ridgley,1,1,eridgley6r@whitehouse.gov,Polygender,7 Lake View Alley
245,Larisa Zelner,5,33,lzelner6s@oaic.gov.au,Female,5 Kipling Junction
246,Elvina Clewes,8,36,eclewes6t@networkadvertising.org,Female,28 Springs Trail
247,Ronny Underwood,4,33,runderwood6u@digg.com,Female,5093 Londonderry Point
248,Sallie Blest,8,20,sblest6v@photobucket.com,Bigender,2871 Carey Junction
249,Katheryn Borg-Bartolo,7,52,kborgbartolo6w@nytimes.com,Non-binary,1 Vermont Alley
250,Christoforo Beggio,9,32,cbeggio6x@scientificamerican.com,Male,18 Victoria Circle
251,Alie Fidoe,1,9,afidoe6y@google.co.jp,Female,0015 Service Park
252,Cull Skillman,9,16,cskillman6z@about.me,Male,02 Meadow Valley Junction
253,Selby Giorgielli,3,23,sgiorgielli70@google.ca,Male,90905 Kenwood Place
254,Derward Goly,5,25,dgoly71@comsenz.com,Male,1415 Warner Place
255,Dareen Llewellen,4,20,dllewellen72@4shared.com,Female,839 Judy Trail
256,Daphne Lyte,5,22,dlyte73@issuu.com,Genderfluid,7 Spaight Trail
257,Malva Salkeld,7,6,msalkeld74@bravesites.com,Female,6 Roxbury Center
258,Zedekiah Romme,6,29,zromme75@epa.gov,Male,9 Becker Crossing
259,Nappy Coomes,7,25,ncoomes76@go.com,Male,995 Rowland Drive
260,Genny Brownsill,4,51,gbrownsill77@bloomberg.com,Female,26567 Bowman Road
261,Elset Gillbanks,1,15,egillbanks78@unicef.org,Female,8 8th Court
262,Kaylil Glencrash,4,27,kglencrash79@bluehost.com,Female,506 Rutledge Center
263,Dacy Helian,9,52,dhelian7a@vkontakte.ru,Female,007 4th Terrace
264,Lilli Ciotti,7,35,lciotti7b@squarespace.com,Female,7 Atwood Trail
265,Mona Muriel,6,13,mmuriel7c@nifty.com,Female,69735 Quincy Center
266,Ruddy Absolon,3,21,rabsolon7d@wunderground.com,Male,500 Clarendon Parkway
267,Adrien Foch,4,28,afoch7e@accuweather.com,Bigender,55362 Hazelcrest Court
268,Franciskus Vowels,2,51,fvowels7f@usgs.gov,Male,6714 Waubesa Point
269,Rogers Chasle,3,64,rchasle7g@de.vu,Male,862 3rd Terrace
270,Benny Spenley,8,21,bspenley7h@printfriendly.com,Male,4552 Brentwood Street
271,Ring Kemery,1,42,rkemery7i@blogger.com,Male,2 Kim Place
272,Daile Fitzsimons,6,13,dfitzsimons7j@rambler.ru,Female,6 Acker Center
273,Florie Couch,1,6,fcouch7k@newsvine.com,Female,48089 4th Crossing
274,Dori Topes,1,44,dtopes7l@forbes.com,Female,200 Mesta Drive
275,Elwira Storer,2,48,estorer7m@pinterest.com,Female,20 Fulton Trail
276,Petrina Corballis,5,61,pcorballis7n@prlog.org,Female,5 Myrtle Lane
277,Dore Sword,1,35,dsword7o@myspace.com,Male,10 Melody Court
278,Blane MacCallester,9,42,bmaccallester7p@economist.com,Male,8 Independence Road
279,Dorene Molyneux,6,59,dmolyneux7q@house.gov,Female,5 Waubesa Parkway
280,Clem McLeod,7,63,cmcleod7r@purevolume.com,Agender,48 Oneill Center
281,Daniela Gasparro,4,54,dgasparro7s@google.ru,Female,16 Bay Drive
282,Benetta Childs,5,12,bchilds7t@multiply.com,Female,19 Surrey Junction
283,Justinian Behnen,7,25,jbehnen7u@youtube.com,Male,4 Menomonie Trail
284,Andra Lorens,4,25,alorens7v@archive.org,Female,200 Dryden Hill
285,Craggie Winn,4,8,cwinn7w@oakley.com,Male,03 8th Crossing
286,Rockey Curgenuer,7,35,rcurgenuer7x@studiopress.com,Male,5379 Fair Oaks Court
287,Modesty Barrasse,2,55,mbarrasse7y@nps.gov,Female,112 Cordelia Crossing
288,Kaine Macy,7,51,kmacy7z@wisc.edu,Male,48450 Corscot Crossing
289,Netti Churching,1,52,nchurching80@tinypic.com,Female,14 Blue Bill Park Circle
290,Deina Wilce,7,42,dwilce81@google.de,Female,42623 Boyd Avenue
291,Sallie Marklin,4,15,smarklin82@indiatimes.com,Female,312 Golf Alley
292,Caesar Totterdell,8,32,ctotterdell83@prweb.com,Non-binary,54 6th Avenue
293,Cyndi Wardale,2,3,cwardale84@ameblo.jp,Female,1906 Fuller Junction
294,Lothaire Perotti,5,7,lperotti85@issuu.com,Male,013 Melby Street
295,Dorris Sills,7,20,dsills86@desdev.cn,Female,03 Loomis Parkway
296,Aila Lardier,6,58,alardier87@netvibes.com,Female,266 Schiller Alley
297,Ravi Clitsome,2,13,rclitsome88@nsw.gov.au,Male,916 Magdeline Park
298,Robers Skarman,5,42,rskarman89@cbsnews.com,Male,3573 2nd Point
299,Hughie Shelton,1,46,hshelton8a@constantcontact.com,Male,88 Banding Plaza
300,Ikey Seater,6,27,iseater8b@e-recht24.de,Male,56214 Eastwood Circle
301,Garth Cotterell,3,25,gcotterell8c@washingtonpost.com,Male,339 Gateway Terrace
302,Cloris Deeble,7,6,cdeeble8d@yahoo.co.jp,Female,35 Golf View Place
303,Gwennie Pidgeley,6,6,gpidgeley8e@umich.edu,Female,882 Golf Place
304,Pen Stammers,3,20,pstammers8f@wikia.com,Male,2351 Lakeland Street
305,Jillie Dimitresco,9,2,jdimitresco8g@narod.ru,Genderfluid,6 Dakota Terrace
306,Brendon Muxworthy,3,46,bmuxworthy8h@purevolume.com,Male,63 Huxley Drive
307,Rusty Sellek,5,50,rsellek8i@vistaprint.com,Male,1 Sundown Pass
308,Jorry Lefort,3,27,jlefort8j@bloomberg.com,Female,0946 Emmet Junction
309,Dario Kures,5,28,dkures8k@cpanel.net,Male,2914 Southridge Alley
310,Consolata Aitcheson,3,60,caitcheson8l@constantcontact.com,Polygender,6950 Maple Court
311,Pall Meritt,5,40,pmeritt8m@usda.gov,Male,619 Mayfield Street
312,Reynard Jesse,8,16,rjesse8n@auda.org.au,Non-binary,92827 Helena Place
313,Tanhya Rembaud,2,47,trembaud8o@meetup.com,Female,2 Bluejay Junction
314,Gare Mugleston,6,11,gmugleston8p@wikispaces.com,Male,3 Vidon Lane
315,Dmitri Sallans,4,40,dsallans8q@list-manage.com,Male,300 Oxford Crossing
316,Carleen McGrann,5,50,cmcgrann8r@icio.us,Female,6 Dottie Center
317,Patsy Loiterton,4,46,ploiterton8s@dagondesign.com,Male,3489 Gale Parkway
318,Lindy Borzoni,9,47,lborzoni8t@independent.co.uk,Male,406 Straubel Plaza
319,Cecily Stickings,7,3,cstickings8u@thetimes.co.uk,Female,4401 Shopko Road
320,Rodolfo Brummitt,6,11,rbrummitt8v@bloglovin.com,Male,7337 Pepper Wood Plaza
321,Gardener Bartolomeoni,6,49,gbartolomeoni8w@people.com.cn,Male,9 Hoard Drive
322,Andonis Berzen,4,1,aberzen8x@hexun.com,Male,6033 Donald Hill
323,Kala Altoft,8,56,kaltoft8y@ebay.co.uk,Agender,5401 Hudson Parkway
324,Mario Joynt,8,56,mjoynt8z@independent.co.uk,Genderqueer,022 Talisman Circle
325,Em Bartelet,4,35,ebartelet90@kickstarter.com,Male,24088 Sage Terrace
326,Guy O'Curneen,9,1,gocurneen91@yahoo.co.jp,Male,090 Loftsgordon Avenue
327,Miguel Moorerud,4,57,mmoorerud92@blogger.com,Male,8 Lyons Parkway
328,Dana Fee,6,31,dfee93@shinystat.com,Male,0010 Becker Crossing
329,Clarine Widdowson,1,48,cwiddowson94@sogou.com,Female,38889 Drewry Junction
330,Derick Mithon,6,50,dmithon95@salon.com,Male,02 Kim Pass
331,Maribel Houdmont,7,24,mhoudmont96@sciencedaily.com,Female,1 Armistice Place
332,Ddene Pudney,6,6,dpudney97@cbc.ca,Female,0 Birchwood Plaza
333,Pat McBrady,1,12,pmcbrady98@businessinsider.com,Male,9 Butternut Junction
334,Herschel Cloy,5,10,hcloy99@ted.com,Male,9 Hermina Drive
335,Jehu Crehan,5,16,jcrehan9a@hubpages.com,Male,42 Pepper Wood Drive
336,Jeanie Parkyns,3,1,jparkyns9b@spotify.com,Female,11413 Carey Center
337,Bobine Hailwood,9,2,bhailwood9c@sun.com,Female,596 Almo Street
338,Blythe Whitloe,6,38,bwhitloe9d@blogtalkradio.com,Female,14973 Oakridge Court
339,Jacklyn Arnholdt,2,53,jarnholdt9e@wufoo.com,Female,123 Texas Plaza
340,Delmar O'Mohun,1,8,domohun9f@ted.com,Male,79 Troy Crossing
341,Barbra Antonignetti,3,49,bantonignetti9g@addthis.com,Female,4 Utah Junction
342,Carlene Matuszyk,4,32,cmatuszyk9h@topsy.com,Female,129 Larry Lane
343,Dale Hush,6,11,dhush9i@fema.gov,Female,1632 Logan Alley
344,Mitzi O'Sullivan,9,17,mosullivan9j@si.edu,Female,69833 Granby Plaza
345,Laurice Hallitt,1,6,lhallitt9k@google.com.au,Female,04453 Loftsgordon Drive
346,Belinda Wilcot,9,65,bwilcot9l@eventbrite.com,Female,03 Garrison Hill
347,Stacey Rentoll,1,21,srentoll9m@xing.com,Female,13461 Nevada Center
348,Dino Henbury,2,63,dhenbury9n@fda.gov,Male,992 Center Place
349,Lucius Smart,5,54,lsmart9o@clickbank.net,Male,9895 Everett Avenue
350,Correy Persse,2,52,cpersse9p@npr.org,Male,598 Debs Place
351,Sheppard Letherbury,9,21,sletherbury9q@disqus.com,Male,644 Onsgard Place
352,Royall Lepard,4,48,rlepard9r@amazon.co.jp,Male,523 Iowa Street
353,Rita Style,3,64,rstyle9s@delicious.com,Non-binary,2912 Nelson Park
354,Sayre Bresson,4,62,sbresson9t@issuu.com,Female,66 East Street
355,Gage Arbuckel,9,7,garbuckel9u@msu.edu,Genderfluid,9 Nobel Crossing
356,Vin Skynner,1,13,vskynner9v@deliciousdays.com,Male,8775 Eliot Park
357,Duky Bollard,5,14,dbollard9w@hao123.com,Male,36909 Main Point
358,Ruby Ockendon,4,31,rockendon9x@usnews.com,Male,90 Anhalt Place
359,Benedikta Edmeades,4,34,bedmeades9y@blogger.com,Female,08051 Kings Way
360,Farley Corson,2,4,fcorson9z@blog.com,Male,48863 Nobel Circle
361,Leslie Colnet,2,4,lcolneta0@i2i.jp,Female,26 Lyons Point
362,Martie MacParland,3,17,mmacparlanda1@networkadvertising.org,Female,603 South Court
363,Luigi Foy,5,15,lfoya2@nih.gov,Male,72 Ruskin Circle
364,Idette Sarginson,2,37,isarginsona3@nsw.gov.au,Female,30 Clarendon Road
365,Shayne Counihan,7,5,scounihana4@dell.com,Female,21268 Melby Crossing
366,Alfie Symones,1,25,asymonesa5@digg.com,Male,5 Sherman Road
367,Lila McDarmid,2,14,lmcdarmida6@blog.com,Female,3440 Maywood Park
368,Jedediah Trudgion,6,65,jtrudgiona7@utexas.edu,Male,50 Jenna Center
369,Germayne Bonsey,4,14,gbonseya8@china.com.cn,Male,0 Acker Terrace
370,Phyllis MacAindreis,2,8,pmacaindreisa9@xrea.com,Female,6829 John Wall Plaza
371,Ferdie Kissick,5,28,fkissickaa@hao123.com,Male,04014 Warbler Hill
372,Alessandra Trussler,3,55,atrusslerab@imageshack.us,Female,74 Jackson Drive
373,Raquel McKenny,7,36,rmckennyac@va.gov,Female,7616 Continental Street
374,Aura Duding,7,45,adudingad@skyrock.com,Female,5078 Pierstorff Circle
375,Tedmund Coleiro,6,58,tcoleiroae@webmd.com,Male,753 Fisk Avenue
376,Jocelyne Taffe,9,53,jtaffeaf@redcross.org,Female,19 Esch Place
377,Dennison Muller,2,43,dmullerag@google.ru,Male,41 Daystar Point
378,Germain Berriball,4,5,gberriballah@wikia.com,Male,656 Barnett Center
379,Calhoun Grundwater,2,26,cgrundwaterai@berkeley.edu,Male,77 Vera Pass
380,Aleta Sandwith,3,49,asandwithaj@samsung.com,Polygender,25598 Ryan Road
381,Evanne McGebenay,6,51,emcgebenayak@state.gov,Female,747 Esch Drive
382,Mark Elsip,4,27,melsipal@g.co,Bigender,08716 Talisman Place
383,Weider Haskew,4,27,whaskewam@com.com,Male,99867 Troy Trail
384,Merci Capineer,2,12,mcapineeran@hp.com,Female,43942 Warner Alley
385,Ali Moule,1,35,amouleao@tinyurl.com,Female,57026 Pierstorff Parkway
386,Parrnell Argontt,9,46,pargonttap@blinklist.com,Non-binary,6227 Luster Park
387,Gardiner Sturdey,8,34,gsturdeyaq@toplist.cz,Polygender,9612 Carberry Junction
388,Hannis Reiling,7,57,hreilingar@istockphoto.com,Female,24 Melrose Plaza
389,Bo Pattingson,8,59,bpattingsonas@people.com.cn,Male,31910 Fuller Street
390,Budd Govey,8,16,bgoveyat@foxnews.com,Male,8128 Utah Alley
391,Dyana Bungey,4,30,dbungeyau@themeforest.net,Female,2 Kipling Parkway
392,Vaughn Rubenchik,4,23,vrubenchikav@moonfruit.com,Male,185 Garrison Way
393,Lilah Paulou,4,39,lpaulouaw@wisc.edu,Female,9409 Spaight Center
394,Marylinda Saffe,9,42,msaffeax@jimdo.com,Female,576 Lighthouse Bay Plaza
395,Torin Maslen,3,45,tmaslenay@cloudflare.com,Polygender,944 Hintze Center
396,Olly Wilbore,9,20,owilboreaz@networksolutions.com,Male,62431 Darwin Parkway
397,Carree Meaking,7,18,cmeakingb0@163.com,Female,8379 Buhler Road
398,Joan Henningham,3,63,jhenninghamb1@google.nl,Female,7 Bowman Street
399,Lucien Dunne,3,62,ldunneb2@nba.com,Male,03 Arizona Drive
400,Salaidh Astle,7,44,sastleb3@latimes.com,Female,946 Beilfuss Center
401,Halie Venning,3,41,hvenningb4@tiny.cc,Female,92 Bayside Lane
402,Constancia Elacoate,4,64,celacoateb5@odnoklassniki.ru,Female,007 Orin Road
403,Berk Schlagh,1,59,bschlaghb6@miibeian.gov.cn,Male,9 Lake View Point
404,Cherianne Maplestone,7,10,cmaplestoneb7@nbcnews.com,Female,47 Memorial Drive
405,Wilden Barnby,2,24,wbarnbyb8@oakley.com,Male,9 Texas Court
406,Gerardo McQuorkel,3,36,gmcquorkelb9@photobucket.com,Male,65721 Fair Oaks Crossing
407,Timmy Whiteley,7,51,twhiteleyba@netscape.com,Male,2 Loeprich Avenue
408,Carola Radeliffe,4,29,cradeliffebb@gizmodo.com,Female,27959 Blue Bill Park Circle
409,Jarrett Carrivick,6,30,jcarrivickbc@csmonitor.com,Male,5442 Southridge Place
410,Lucia Cough,5,50,lcoughbd@seattletimes.com,Genderqueer,89 Maywood Avenue
411,Alina Coulter,6,42,acoulterbe@mlb.com,Female,8010 Derek Trail
412,Dion Spinke,2,10,dspinkebf@gmpg.org,Non-binary,9703 Hermina Street
413,Ruthe Asquith,2,26,rasquithbg@feedburner.com,Female,50171 Springview Center
414,Dunc Eloi,3,48,deloibh@google.com.br,Male,69332 Talmadge Plaza
415,Gael Denisot,2,21,gdenisotbi@jugem.jp,Female,56 Marcy Road
416,Marlie Colquete,5,51,mcolquetebj@dailymail.co.uk,Female,98 Dottie Lane
417,Glenna Landers,1,21,glandersbk@fc2.com,Female,08045 Marcy Point
418,Irma Winborn,9,33,iwinbornbl@oakley.com,Female,2536 Starling Terrace
419,Hyman Dieton,5,30,hdietonbm@aboutads.info,Male,4878 Morning Plaza
420,Ogdan Shevell,4,30,oshevellbn@nifty.com,Male,83 Boyd Alley
421,Kermit Neil,1,37,kneilbo@4shared.com,Male,3562 Sunbrook Plaza
422,Tyson Aleixo,6,5,taleixobp@newyorker.com,Male,78526 Springs Terrace
423,Kimble Rapp,5,47,krappbq@toplist.cz,Male,1 Ludington Drive
424,Cicely Nashe,5,28,cnashebr@google.ca,Female,35 Melrose Way
425,Terrie Suddock,6,13,tsuddockbs@bbc.co.uk,Female,9 Dorton Alley
426,Daron Leander,6,55,dleanderbt@phpbb.com,Female,453 Tennyson Place
427,Ibbie Blethin,5,14,iblethinbu@tmall.com,Female,764 Leroy Point
428,Solomon Sparkwill,6,40,ssparkwillbv@vistaprint.com,Male,07 Little Fleur Park
429,Xena Geraldo,2,55,xgeraldobw@cloudflare.com,Agender,96025 Forest Point
430,Patton Lambert,2,60,plambertbx@free.fr,Male,6 2nd Point
431,Karlik Dawber,6,25,kdawberby@imdb.com,Male,4895 Fairview Terrace
432,Juanita Pleager,7,27,jpleagerbz@goo.ne.jp,Female,41535 Comanche Crossing
433,Rudd Rudgley,9,42,rrudgleyc0@live.com,Male,50459 Spaight Circle
434,Loy Robjohns,7,12,lrobjohnsc1@yellowpages.com,Male,070 Hoard Drive
435,Maud Steiner,9,19,msteinerc2@rakuten.co.jp,Female,81135 Lien Hill
436,Lorelei Stansall,4,31,lstansallc3@pagesperso-orange.fr,Female,73 Beilfuss Street
437,Guinevere McAllester,7,39,gmcallesterc4@youtu.be,Genderfluid,0978 Cascade Street
438,Cobby Calvie,4,43,ccalviec5@sogou.com,Male,415 Loomis Parkway
439,Otha Siverns,4,48,osivernsc6@blogger.com,Female,4783 Briar Crest Place
440,Bailie Collier,2,7,bcollierc7@paginegialle.it,Male,1 Warrior Center
441,Kylynn Gillino,8,13,kgillinoc8@ameblo.jp,Female,63141 Wayridge Road
442,Sherlock Westall,6,63,swestallc9@marketwatch.com,Male,5194 Dovetail Avenue
443,Garland Cockcroft,7,58,gcockcroftca@123-reg.co.uk,Female,236 Eagle Crest Lane
444,Dedra Gullane,9,6,dgullanecb@usgs.gov,Female,168 Scott Road
445,Corinna Illing,8,9,cillingcc@theglobeandmail.com,Female,89 Swallow Avenue
446,Teodoro Mebs,6,29,tmebscd@xrea.com,Male,30 Comanche Park
447,Mariel Schrieves,7,29,mschrievesce@ted.com,Female,36 Green Pass
448,Mariejeanne Mogie,6,47,mmogiecf@nasa.gov,Female,19539 Shoshone Pass
449,Lemmy Wingar,2,2,lwingarcg@weebly.com,Male,7906 Comanche Junction
450,Nolie Beamont,7,49,nbeamontch@about.com,Female,2990 Pearson Park
451,Esme Hambling,7,31,ehamblingci@telegraph.co.uk,Male,63 Huxley Court
452,Thomas Searson,5,19,tsearsoncj@xrea.com,Male,983 Graceland Avenue
453,Alysa Wakeley,9,61,awakeleyck@google.com,Female,1 Bonner Junction
454,Gilbertina Coudray,6,57,gcoudraycl@nydailynews.com,Female,8288 Oak Valley Parkway
455,Hartley Kendrick,9,58,hkendrickcm@vk.com,Male,6968 Hazelcrest Street
456,Annadiana Salzberg,2,3,asalzbergcn@msu.edu,Female,00818 Pond Alley
457,Dav Eddowes,2,5,deddowesco@prlog.org,Male,0 Fairfield Road
458,Amye Aspden,1,25,aaspdencp@icio.us,Female,651 Sherman Park
459,Brianna Babon,9,3,bbaboncq@loc.gov,Polygender,9 Amoth Point
460,Marcela Scarsbrick,8,43,mscarsbrickcr@dyndns.org,Female,65390 Redwing Terrace
461,Ashely Pharro,8,63,apharrocs@bloglovin.com,Female,012 Dapin Way
462,Hynda Andryszczak,9,47,handryszczakct@psu.edu,Female,25 Claremont Circle
463,Nanette Albasiny,6,28,nalbasinycu@myspace.com,Female,6 Cardinal Park
464,Evelyn Surgood,1,23,esurgoodcv@techcrunch.com,Male,229 Di Loreto Alley
465,Davita Messenbird,5,27,dmessenbirdcw@tinypic.com,Female,180 6th Terrace
466,Cullan Pinder,2,64,cpindercx@vimeo.com,Male,6935 Kings Court
467,Peta Itzkovwitch,8,33,pitzkovwitchcy@hugedomains.com,Female,50706 Gale Court
468,Elias Pimblott,7,33,epimblottcz@1und1.de,Male,99 Lien Hill
469,Chadwick Mufford,9,37,cmuffordd0@gov.uk,Male,75 Helena Parkway
470,Giulio Aggott,1,61,gaggottd1@xing.com,Male,8 Grasskamp Road
471,Ingemar Stillert,1,40,istillertd2@springer.com,Male,2461 Myrtle Park
472,Boote Thickin,5,42,bthickind3@dailymotion.com,Male,1542 Ilene Plaza
473,Alexandra Colly,5,51,acollyd4@dion.ne.jp,Female,74 Sullivan Street
474,Candra Girdler,5,55,cgirdlerd5@fema.gov,Female,15 Sycamore Drive
475,Cherilyn Guirardin,3,13,cguirardind6@ycombinator.com,Female,49203 Del Sol Way
476,Marleah Dinsey,7,34,mdinseyd7@surveymonkey.com,Polygender,4 Heath Park
477,Arlee Eslie,1,34,aeslied8@wisc.edu,Female,798 Tennessee Place
478,Bryn Undrill,6,16,bundrilld9@wufoo.com,Male,09956 Autumn Leaf Avenue
479,Cliff Beckerleg,2,60,cbeckerlegda@wix.com,Male,8 Chive Terrace
480,Malcolm Giraudel,1,14,mgiraudeldb@nsw.gov.au,Male,9269 Pleasure Center
481,Bert Horsted,9,11,bhorsteddc@diigo.com,Male,018 Talmadge Road
482,Euell McLuckie,1,18,emcluckiedd@fotki.com,Male,037 Mayer Park
483,Dorry Leel,3,34,dleelde@businessinsider.com,Female,4582 Holy Cross Hill
484,Eloisa Vanyashkin,6,5,evanyashkindf@cam.ac.uk,Female,4447 Scott Park
485,Salomon Rarity,8,34,sraritydg@chicagotribune.com,Male,9 Schmedeman Lane
486,Austen Hunte,1,1,ahuntedh@hostgator.com,Male,90 Saint Paul Crossing
487,Benni Vian,1,65,bviandi@de.vu,Female,24165 Fair Oaks Way
488,Rahel Silcock,4,38,rsilcockdj@e-recht24.de,Female,88277 Wayridge Circle
489,Milzie Empringham,8,28,mempringhamdk@nature.com,Female,2518 Butternut Plaza
490,Shelly Marie,5,15,smariedl@ehow.com,Female,68176 Fairfield Pass
491,Thatcher Woodes,9,53,twoodesdm@ted.com,Bigender,6259 Reindahl Junction
492,Ivan Cissell,1,64,icisselldn@blog.com,Male,75485 Troy Plaza
493,Bartolomeo Crinage,7,60,bcrinagedo@alibaba.com,Male,6 Goodland Terrace
494,Tiertza MacLleese,8,24,tmaclleesedp@hostgator.com,Polygender,6 Hoepker Road
495,Meridel Siene,5,45,msienedq@nih.gov,Female,3 Laurel Drive
496,Nikita Davids,9,25,ndavidsdr@cargocollective.com,Male,2794 Service Way
497,Andonis Wadwell,7,29,awadwellds@home.pl,Male,69 Mcbride Avenue
498,Kerk Proback,1,42,kprobackdt@comcast.net,Male,1 Myrtle Center
499,Thoma Rainville,5,43,trainvilledu@slate.com,Male,94 Crest Line Junction
500,Adda Aronovitz,9,43,aaronovitzdv@cyberchimps.com,Female,89 Bultman Alley
501,Willamina Gouldthorpe,7,21,wgouldthorpedw@icio.us,Non-binary,95207 Upham Point
502,Shadow Pinkard,4,13,spinkarddx@arstechnica.com,Male,2 Springs Junction
503,Sukey Quince,5,41,squincedy@chron.com,Female,42 Melby Plaza
504,Leeann Kilbride,4,15,lkilbridedz@taobao.com,Female,0 Sheridan Drive
505,Packston Cejka,5,42,pcejkae0@wisc.edu,Male,88 Kenwood Trail
506,Nancey Bucktharp,9,2,nbucktharpe1@spotify.com,Female,1684 Springs Court
507,Marj Camus,9,28,mcamuse2@upenn.edu,Female,374 Springview Parkway
508,Stephan Hymer,4,8,shymere3@oaic.gov.au,Male,96 Sunfield Circle
509,Dorene Goning,6,52,dgoninge4@narod.ru,Female,18925 Forest Way
510,Whit Balasini,3,42,wbalasinie5@moonfruit.com,Male,777 Delaware Parkway
511,Gordan Barnwell,3,14,gbarnwelle6@cpanel.net,Male,21191 Eagan Point
512,Otis Beckham,3,23,obeckhame7@istockphoto.com,Male,5 Kipling Crossing
513,Krysta Ponten,5,41,kpontene8@mapy.cz,Female,4 Pepper Wood Avenue
514,Ivett Dominique,9,19,idominiquee9@ning.com,Female,607 Westend Terrace
515,Ignacius Blackleech,7,58,iblackleechea@fotki.com,Male,138 Eastlawn Circle
516,Romeo Bosher,2,5,rboshereb@blog.com,Male,2344 Forest Run Terrace
517,Kenn Rylatt,6,38,krylattec@deliciousdays.com,Male,0021 Nobel Court
518,Anne-marie Dyne,7,17,adyneed@digg.com,Female,5 Brown Park
519,Sigismondo Stearn,1,33,sstearnee@drupal.org,Male,77036 Bartelt Terrace
520,Jerrome Janauschek,5,29,jjanauschekef@vimeo.com,Male,70025 Kensington Trail
521,Evy Brownhill,8,35,ebrownhilleg@studiopress.com,Female,62594 Ronald Regan Circle
522,Trudy Wloch,7,10,twlocheh@auda.org.au,Female,2 Coleman Trail
523,Nikolai Margram,1,54,nmargramei@va.gov,Male,94 Surrey Plaza
524,Malynda Filippello,6,39,mfilippelloej@myspace.com,Female,6550 Surrey Plaza
525,Miof mela MacTrustey,6,46,mmelaek@google.de,Female,2 Messerschmidt Place
526,Sharron Wrangle,1,50,swrangleel@arizona.edu,Female,3 Barnett Alley
527,Bartel Priter,2,63,bpriterem@discuz.net,Male,0 Manley Road
528,Kinny Scotney,5,6,kscotneyen@taobao.com,Genderfluid,83 Macpherson Plaza
529,Katalin Ethelston,8,16,kethelstoneo@jalbum.net,Female,10 Express Way
530,Marylin Sackett,3,15,msackettep@go.com,Female,302 Maywood Crossing
531,Quint Kendell,2,21,qkendelleq@usatoday.com,Polygender,59754 Colorado Circle
532,Joceline Letterick,6,51,jlettericker@oaic.gov.au,Female,0534 Morning Lane
533,Holly-anne Manvelle,9,34,hmanvellees@phoca.cz,Female,46088 Moland Point
534,Waite Jinks,6,34,wjinkset@cyberchimps.com,Male,8 Milwaukee Park
535,Madalyn Eburah,8,42,meburaheu@blogtalkradio.com,Female,9 Forest Dale Way
536,Sonnnie Leahy,2,36,sleahyev@answers.com,Genderqueer,45028 Eagan Road
537,Kassey McCreery,2,42,kmccreeryew@virginia.edu,Female,4651 Marcy Way
538,Rivi Lammert,4,36,rlammertex@51.la,Female,9247 Laurel Park
539,Ann-marie Ferrer,6,45,aferrerey@barnesandnoble.com,Agender,5 Forest Run Alley
540,Logan Bamblett,1,26,lbamblettez@webeden.co.uk,Male,59506 Oak Valley Junction
541,Eddie Hutsby,5,1,ehutsbyf0@4shared.com,Female,66743 La Follette Lane
542,Alanah Elson,6,35,aelsonf1@scientificamerican.com,Female,363 Mayfield Circle
543,Harmonie Mainstone,7,18,hmainstonef2@independent.co.uk,Female,04848 Schlimgen Parkway
544,Giff Canizares,7,50,gcanizaresf3@infoseek.co.jp,Male,133 Oak Valley Terrace
545,Virginia Golde,2,38,vgoldef4@ucoz.com,Female,56762 Holmberg Drive
546,Dody Le Fevre,7,41,dlef5@yale.edu,Female,79 Manley Circle
547,Rebekkah McMichael,6,14,rmcmichaelf6@aboutads.info,Female,854 Cherokee Street
548,Tessa Gallie,4,44,tgallief7@elegantthemes.com,Female,109 Arapahoe Center
549,Simeon Jeremaes,9,42,sjeremaesf8@oakley.com,Male,445 Del Sol Street
550,Raddy Seman,1,32,rsemanf9@paginegialle.it,Male,7 Warner Pass
551,Flor Romanini,7,64,fromaninifa@zimbio.com,Female,2 Haas Road
552,Friedrick Reeken,6,65,freekenfb@gravatar.com,Male,51359 7th Avenue
553,Ceciley Kilborn,6,25,ckilbornfc@livejournal.com,Female,2769 Cambridge Pass
554,Giuseppe Callam,8,44,gcallamfd@china.com.cn,Male,0 Jay Road
555,Chrysa Wake,8,8,cwakefe@usnews.com,Female,7 Loeprich Plaza
556,Ariella Bennough,1,34,abennoughff@mapquest.com,Female,9795 Barnett Center
557,Evy Attac,6,3,eattacfg@weibo.com,Female,628 Rusk Junction
558,Lucio Camilio,1,9,lcamiliofh@booking.com,Male,379 East Alley
559,Inglebert Pyner,1,50,ipynerfi@msn.com,Male,265 Boyd Parkway
560,Dewitt Meatyard,5,54,dmeatyardfj@twitter.com,Male,51761 Forest Pass
561,Cointon Huzzey,4,44,chuzzeyfk@lulu.com,Male,94 Lindbergh Terrace
562,Ambur Lazer,8,52,alazerfl@vimeo.com,Female,39 Hollow Ridge Lane
563,Grazia Outridge,6,14,goutridgefm@wikia.com,Agender,824 Bay Road
564,Benoit Brand,9,10,bbrandfn@oaic.gov.au,Genderqueer,07 Nobel Plaza
565,Theo Bennison,2,50,tbennisonfo@forbes.com,Male,865 Vidon Way
566,Nickolaus Hymas,8,48,nhymasfp@webmd.com,Male,6867 Esker Junction
567,Lara Boyse,2,18,lboysefq@biblegateway.com,Female,3387 Sheridan Trail
568,Tandy Wake,2,39,twakefr@nytimes.com,Agender,9353 Brickson Park Lane
569,Drusy Drescher,5,64,ddrescherfs@posterous.com,Female,33 Bunker Hill Alley
570,Sarita Blazhevich,1,19,sblazhevichft@dyndns.org,Female,91886 Artisan Circle
571,Bartie Pedrollo,2,11,bpedrollofu@delicious.com,Agender,3486 Farwell Street
572,Clo D' Angelo,7,27,cdfv@cmu.edu,Female,3930 Boyd Center
573,Gussie Annakin,9,28,gannakinfw@live.com,Female,76 Dryden Street
574,Blondelle Colquite,7,55,bcolquitefx@yellowpages.com,Female,3 Elka Circle
575,Nikki Rolls,6,40,nrollsfy@smugmug.com,Female,59595 Golf View Hill
576,Sidoney Le Blond,7,3,slefz@taobao.com,Female,80 Schiller Hill
577,Errick Libbie,6,34,elibbieg0@home.pl,Male,40596 Division Crossing
578,Hermie Devas,4,62,hdevasg1@loc.gov,Male,47461 Scott Center
579,Kermit Pedro,5,11,kpedrog2@yandex.ru,Bigender,1093 Burning Wood Plaza
580,Ermengarde Polgreen,2,51,epolgreeng3@wisc.edu,Female,8 Menomonie Drive
581,Basia Roderham,1,15,broderhamg4@smh.com.au,Female,6343 Barnett Terrace
582,Bernardina Wilshin,2,18,bwilshing5@cbslocal.com,Female,20546 Oak Valley Circle
583,Josefina Dumsday,3,2,jdumsdayg6@hugedomains.com,Female,1761 Clarendon Lane
584,Melisse Dudek,6,65,mdudekg7@addthis.com,Female,808 Ohio Park
585,Whitney George,8,26,wgeorgeg8@wunderground.com,Female,238 Duke Alley
586,Haley Bradnock,8,41,hbradnockg9@princeton.edu,Agender,2 Thompson Alley
587,Gerek Bartens,4,46,gbartensga@multiply.com,Male,92760 Alpine Circle
588,Darnell Petchell,4,65,dpetchellgb@biglobe.ne.jp,Male,6 Sachs Lane
589,Wallie Emburey,7,41,wembureygc@booking.com,Male,18 Carpenter Road
590,Konstantine Mallan,6,65,kmallangd@cnet.com,Male,878 Corry Alley
591,George Doylend,8,47,gdoylendge@paginegialle.it,Male,45 Sage Avenue
592,Nisse Chisman,3,55,nchismangf@mlb.com,Female,63 Vahlen Avenue
593,Reggy Tireman,8,26,rtiremangg@mit.edu,Male,18 International Hill
594,Lewes Angless,8,46,langlessgh@elegantthemes.com,Bigender,50160 Southridge Road
595,Major Gerardet,1,61,mgerardetgi@bloglines.com,Male,99 Chive Pass
596,Conrado Carrabott,6,57,ccarrabottgj@hubpages.com,Male,90 Division Junction
597,Thekla Garrit,9,34,tgarritgk@hc360.com,Female,2 Lotheville Trail
598,Cortie Dodsworth,1,1,cdodsworthgl@yelp.com,Male,43 Dryden Street
599,Ludwig Goulding,1,14,lgouldinggm@slate.com,Male,16 Becker Junction
600,Clarinda Aldrick,1,6,caldrickgn@barnesandnoble.com,Female,5 Dawn Trail
601,Matty Liverseege,8,28,mliverseegego@phoca.cz,Female,306 Kipling Plaza
602,Danny Butson,5,41,dbutsongp@yale.edu,Female,90207 Algoma Terrace
603,Sunny Poulsen,7,62,spoulsengq@cnn.com,Male,5 Roth Pass
604,Sandy Hawton,3,60,shawtongr@dion.ne.jp,Male,1082 Veith Street
605,Ranice Drescher,5,15,rdreschergs@ted.com,Female,707 Fieldstone Avenue
606,Antonia Nice,3,18,anicegt@liveinternet.ru,Female,73 Old Gate Park
607,Lari Laverock,2,38,llaverockgu@elegantthemes.com,Female,14 Washington Way
608,Malissa Caskie,9,63,mcaskiegv@mail.ru,Polygender,72 Reindahl Place
609,Elinor Diemer,3,43,ediemergw@diigo.com,Female,59 Farwell Plaza
610,Cassandry Berthouloume,7,26,cberthouloumegx@vistaprint.com,Female,02 Sunbrook Park
611,Hettie Patroni,3,41,hpatronigy@google.de,Female,11 Sunbrook Center
612,Carie Benford,1,59,cbenfordgz@vistaprint.com,Female,7 Alpine Street
613,Chastity Blench,9,33,cblenchh0@behance.net,Non-binary,11 Hanover Center
614,Gherardo Stuehmeier,8,18,gstuehmeierh1@admin.ch,Male,158 Marcy Court
615,Elias Casetta,1,16,ecasettah2@blinklist.com,Male,31 Hagan Avenue
616,Gibbie Spours,3,45,gspoursh3@youtu.be,Male,397 Longview Park
617,Bobbye Nellis,9,11,bnellish4@home.pl,Female,83379 Maple Wood Way
618,Jewell Timberlake,3,2,jtimberlakeh5@sphinn.com,Female,5 Crest Line Road
619,Robinet Helmke,8,53,rhelmkeh6@harvard.edu,Female,4029 Karstens Plaza
620,Robbin Eden,3,49,redenh7@t-online.de,Female,54 Aberg Hill
621,Udell Warr,4,55,uwarrh8@gravatar.com,Male,78410 Meadow Valley Park
622,Fionnula Gytesham,4,39,fgyteshamh9@answers.com,Female,19171 Sugar Pass
623,Fremont Le Galle,6,31,fleha@wiley.com,Male,586 Butternut Street
624,Monica Wabersinke,4,49,mwabersinkehb@comcast.net,Female,58 Vahlen Terrace
625,Humphrey Labuschagne,2,12,hlabuschagnehc@lulu.com,Male,555 Graedel Lane
626,Justine Coatts,6,56,jcoattshd@studiopress.com,Female,282 Wayridge Park
627,Amandie Vasyaev,9,65,avasyaevhe@google.co.uk,Female,326 Del Mar Avenue
628,Arabella Revans,9,31,arevanshf@paypal.com,Female,5882 Towne Place
629,Maura Card,9,3,mcardhg@comsenz.com,Female,94116 Lukken Terrace
630,Elisha Christensen,1,26,echristensenhh@wisc.edu,Male,4 Vera Alley
631,Ainslee Feehery,5,6,afeeheryhi@thetimes.co.uk,Female,5932 Graceland Pass
632,Gay Darrigone,9,24,gdarrigonehj@bigcartel.com,Bigender,94811 Mendota Park
633,Clerc Brosnan,4,12,cbrosnanhk@disqus.com,Non-binary,2 Brentwood Street
634,Tova Joseland,1,56,tjoselandhl@odnoklassniki.ru,Female,82 Blackbird Plaza
635,Dale Farryann,9,58,dfarryannhm@noaa.gov,Female,469 Fieldstone Hill
636,Claribel Tierney,5,1,ctierneyhn@wikia.com,Female,7 Monica Junction
637,Marge Kulicke,8,34,mkulickeho@soup.io,Female,5 Anderson Trail
638,Chrisy Fishley,1,42,cfishleyhp@bizjournals.com,Male,19 Hanson Lane
639,Sigvard Syder,1,45,ssyderhq@google.nl,Male,16 Thompson Lane
640,Dael Duinbleton,4,27,dduinbletonhr@marriott.com,Non-binary,17700 Monica Street
641,Jessamyn Wemes,4,36,jwemeshs@paginegialle.it,Female,34688 Crest Line Pass
642,Hermann Collens,2,32,hcollensht@yale.edu,Male,9 Porter Alley
643,Melvyn Yurikov,8,10,myurikovhu@livejournal.com,Male,59140 Butterfield Road
644,Cathe Bennell,2,11,cbennellhv@csmonitor.com,Female,1412 Del Mar Junction
645,Hugo McKeown,1,57,hmckeownhw@smh.com.au,Genderqueer,4211 Park Meadow Lane
646,Estel Penfold,6,51,epenfoldhx@goo.ne.jp,Female,4 Pennsylvania Plaza
647,Jeffy Iddons,5,18,jiddonshy@hostgator.com,Genderqueer,8 Sunbrook Point
648,Cosme Dumbar,7,19,cdumbarhz@multiply.com,Male,2 Mendota Drive
649,Northrup Stears,1,33,nstearsi0@cdc.gov,Male,4 Orin Terrace
650,Bruce Rickards,1,52,brickardsi1@netscape.com,Male,676 Pawling Point
651,Catha Shawdforth,5,32,cshawdforthi2@usatoday.com,Female,47648 Blue Bill Park Street
652,Kaycee Phettis,3,15,kphettisi3@about.me,Female,974 Pankratz Road
653,Talbot O'Leagham,8,7,toleaghami4@bbc.co.uk,Male,74306 Ridgeview Center
654,Giulia Imesen,1,29,gimeseni5@hubpages.com,Female,1780 Spenser Point
655,Krissie Whilde,7,33,kwhildei6@shareasale.com,Agender,428 Pawling Road
656,Sonya Claque,8,32,sclaquei7@upenn.edu,Female,170 Mayer Point
657,Uri Orto,7,65,uortoi8@nhs.uk,Male,3832 Marcy Point
658,Siana Blonfield,2,35,sblonfieldi9@cyberchimps.com,Genderqueer,89 Reindahl Center
659,Kanya Gogan,8,64,kgogania@netlog.com,Female,194 Sunnyside Road
660,Calhoun Samwyse,5,18,csamwyseib@tinypic.com,Male,5368 Oriole Trail
661,Darrick Ayree,7,36,dayreeic@amazon.de,Male,684 Talisman Pass
662,Dell Dyka,6,8,ddykaid@jimdo.com,Female,1545 Clove Place
663,Parry Bealing,9,52,pbealingie@photobucket.com,Male,5090 Summit Lane
664,Emmaline Puzey,4,10,epuzeyif@paypal.com,Female,0 Oxford Road
665,Farlie Kilfeder,1,47,fkilfederig@t-online.de,Male,8419 Hallows Drive
666,Marleen Kahan,7,9,mkahanih@columbia.edu,Female,140 Mendota Alley
667,Corrine Sweetmore,5,3,csweetmoreii@washington.edu,Polygender,4632 Comanche Lane
668,Adriaens Cunde,8,14,acundeij@paypal.com,Female,08652 Kingsford Pass
669,Kienan Brokenshaw,3,49,kbrokenshawik@php.net,Male,8067 Mayfield Hill
670,Mercedes McLese,8,53,mmcleseil@feedburner.com,Female,4 Division Circle
671,Quint Greenwell,3,21,qgreenwellim@behance.net,Male,50051 Nelson Road
672,Tabbi Corney,5,29,tcorneyin@newyorker.com,Female,0 Elgar Road
673,Gothart Flucker,8,8,gfluckerio@meetup.com,Male,5562 Banding Plaza
674,Tad Peck,3,48,tpeckip@vistaprint.com,Male,2290 Jana Lane
675,Leticia Pautard,2,15,lpautardiq@vistaprint.com,Female,8922 Meadow Vale Plaza
676,Hale Leversha,5,6,hlevershair@github.io,Male,98981 Prairie Rose Lane
677,Catarina Birch,9,28,cbirchis@nba.com,Female,1 Ramsey Road
678,Darda Broseman,5,56,dbrosemanit@mapy.cz,Female,9 Knutson Lane
679,Gladi Whacket,4,4,gwhacketiu@utexas.edu,Female,9577 Truax Road
680,Anatola Shovel,5,29,ashoveliv@google.pl,Female,398 Barby Court
681,Joela Jewster,4,45,jjewsteriw@washington.edu,Female,075 Helena Alley
682,Cosmo Blakiston,3,43,cblakistonix@aol.com,Non-binary,08476 Bunker Hill Road
683,Dion Rapsey,3,10,drapseyiy@slideshare.net,Polygender,0810 Randy Pass
684,Gaynor Crumpton,1,8,gcrumptoniz@t-online.de,Female,44578 Harbort Plaza
685,Modestia Sunnex,5,51,msunnexj0@joomla.org,Female,21307 Maryland Court
686,Dionisio Denver,6,14,ddenverj1@multiply.com,Male,6 Boyd Hill
687,Koenraad Pont,3,10,kpontj2@macromedia.com,Male,39819 Mifflin Avenue
688,Francklin Timlett,5,37,ftimlettj3@cbsnews.com,Male,80 Oak Valley Way
689,Gregoor Pock,9,33,gpockj4@microsoft.com,Male,3375 Artisan Point
690,Saloma Hupka,8,27,shupkaj5@sitemeter.com,Female,605 Mariners Cove Alley
691,Chrissy Main,1,42,cmainj6@narod.ru,Male,416 Warbler Plaza
692,Tuckie Blethyn,8,23,tblethynj7@bloglines.com,Male,27070 Loeprich Center
693,Heinrick Norval,3,42,hnorvalj8@nih.gov,Male,32 Coleman Avenue
694,Chandra Blackaby,7,35,cblackabyj9@digg.com,Female,955 Monica Lane
695,Marnia Softley,7,13,msoftleyja@ovh.net,Female,67 Stoughton Place
696,Conchita Esson,3,63,cessonjb@msu.edu,Female,03 Mallory Plaza
697,Neile Falls,8,6,nfallsjc@baidu.com,Female,36 Packers Parkway
698,Winny Swiffan,4,53,wswiffanjd@jugem.jp,Female,5 Ridgeview Center
699,Evangelina Ilchuk,3,25,eilchukje@rambler.ru,Female,720 Charing Cross Park
700,Gideon Ripley,4,27,gripleyjf@wordpress.org,Male,580 Dexter Court
701,Corbet Splevings,9,41,csplevingsjg@gov.uk,Male,1296 Crest Line Avenue
702,Ferrell Michell,1,54,fmichelljh@weather.com,Male,718 Maryland Circle
703,Trixie O'Kane,1,7,tokaneji@weibo.com,Female,2 Leroy Terrace
704,Isidora Eldritt,8,36,ieldrittjj@geocities.com,Female,50 Paget Avenue
705,Rivi Branney,6,23,rbranneyjk@eventbrite.com,Female,0 Melrose Plaza
706,Shirlee Keohane,3,62,skeohanejl@netscape.com,Female,15 Briar Crest Alley
707,Tait Druett,9,45,tdruettjm@hhs.gov,Male,0 Westport Plaza
708,Vlad Cubbinelli,5,55,vcubbinellijn@acquirethisname.com,Male,01075 Birchwood Crossing
709,Dotti Bullers,6,1,dbullersjo@wordpress.com,Female,96 Lyons Street
710,Nathalie Seal,8,63,nsealjp@yellowpages.com,Polygender,7272 Algoma Hill
711,Iain Flory,7,12,ifloryjq@123-reg.co.uk,Male,3541 Lyons Circle
712,Aymer Patington,7,64,apatingtonjr@shareasale.com,Male,0 Tennyson Terrace
713,Wren Ingold,1,6,wingoldjs@sun.com,Female,9877 Eliot Center
714,Peyter Raftery,9,35,prafteryjt@is.gd,Male,56 Truax Trail
715,Andros Spincks,6,46,aspincksju@ow.ly,Male,1 New Castle Park
716,Truda Lesek,4,49,tlesekjv@thetimes.co.uk,Female,7777 Coleman Way
717,Vyky Chevis,9,29,vchevisjw@w3.org,Genderfluid,9533 Walton Way
718,Ingrim Povey,4,52,ipoveyjx@barnesandnoble.com,Male,978 Dexter Lane
719,Blanch Pioli,2,24,bpiolijy@gnu.org,Female,9 Vidon Lane
720,Rhiamon Wehnerr,4,23,rwehnerrjz@spiegel.de,Female,715 Fairfield Lane
721,Regan Flood,9,57,rfloodk0@statcounter.com,Male,0 Hooker Parkway
722,Stafani Eixenberger,6,55,seixenbergerk1@netvibes.com,Female,6052 Heffernan Street
723,Claudianus Brotherton,9,8,cbrothertonk2@squidoo.com,Male,86284 Welch Center
724,Jerry MacNeilly,3,47,jmacneillyk3@freewebs.com,Female,2 Miller Plaza
725,Corney Etheredge,6,31,cetheredgek4@mit.edu,Male,571 Westerfield Terrace
726,Lay Nancekivell,6,24,lnancekivellk5@feedburner.com,Male,55 Sachs Center
727,Marci Kerton,1,49,mkertonk6@cargocollective.com,Female,9670 Scott Street
728,Terese Scard,8,14,tscardk7@home.pl,Female,76104 Del Sol Hill
729,Lauretta Abriani,6,29,labrianik8@wiley.com,Female,15292 Northfield Plaza
730,Rosalynd Siddele,4,35,rsiddelek9@guardian.co.uk,Female,631 Mariners Cove Drive
731,Tyrone Leeburn,7,48,tleeburnka@usa.gov,Male,3 Thackeray Way
732,Floyd Brooks,4,54,fbrookskb@technorati.com,Male,1318 Amoth Way
733,Emmaline Sagrott,6,53,esagrottkc@whitehouse.gov,Female,39 Homewood Avenue
734,Carolus Winchcombe,9,50,cwinchcombekd@spotify.com,Male,06068 Elmside Court
735,Brion Hovey,7,5,bhoveyke@prnewswire.com,Male,1 Manley Drive
736,Standford Sterry,8,28,ssterrykf@patch.com,Male,08 Wayridge Drive
737,Zara Penning,8,55,zpenningkg@a8.net,Female,5097 Kings Hill
738,Clarine Bawme,2,44,cbawmekh@imageshack.us,Female,83 Bunker Hill Pass
739,Daren Krugmann,4,16,dkrugmannki@merriam-webster.com,Polygender,3 Mifflin Way
740,Jay Adrian,7,35,jadriankj@dmoz.org,Male,1 Northfield Street
741,Tiffie Scandroot,2,23,tscandrootkk@csmonitor.com,Female,515 Heath Junction
742,Barbee Little,2,10,blittlekl@yandex.ru,Female,54 Memorial Park
743,Isidro Hynd,3,7,ihyndkm@nps.gov,Male,08 Porter Parkway
744,Aubert Darey,3,33,adareykn@trellian.com,Male,84022 Carberry Trail
745,Hyacinthie Pethrick,1,40,hpethrickko@slate.com,Female,0 Fordem Alley
746,Kermy Boycott,4,7,kboycottkp@webnode.com,Male,9257 Lakeland Lane
747,Giuseppe Riches,1,27,gricheskq@google.ca,Genderqueer,88 Warner Circle
748,Chet Thomton,4,15,cthomtonkr@businessweek.com,Male,4 Eastwood Lane
749,Rusty Cartman,4,30,rcartmanks@who.int,Male,07010 Anderson Road
750,Horatia Masurel,6,20,hmasurelkt@nifty.com,Female,85011 Esker Pass
751,Mallory Mc Gaughey,9,28,mmcku@gnu.org,Male,4454 Eagan Crossing
752,Levy Pagan,2,56,lpagankv@goo.ne.jp,Male,7404 Corben Court
753,Glynn Beauchop,4,34,gbeauchopkw@angelfire.com,Male,58602 Calypso Way
754,Shay Grafom,3,21,sgrafomkx@mtv.com,Male,59669 Stang Alley
755,Reinold McNally,5,60,rmcnallyky@discovery.com,Male,1431 Garrison Road
756,Patricio Cozby,9,12,pcozbykz@uiuc.edu,Male,3331 Declaration Plaza
757,Tony Conwell,9,53,tconwelll0@list-manage.com,Male,6800 Prentice Center
758,Sutherlan Lilian,7,26,slilianl1@adobe.com,Male,5094 Trailsway Plaza
759,Elmo Gerlack,3,40,egerlackl2@newyorker.com,Male,64813 Washington Place
760,Hewitt Master,3,16,hmasterl3@cbslocal.com,Male,4 Dixon Place
761,Irwinn Hasney,1,45,ihasneyl4@usa.gov,Male,81190 Holmberg Hill
762,Vinson Exton,4,44,vextonl5@acquirethisname.com,Bigender,1 Steensland Avenue
763,John Redrup,1,28,jredrupl6@multiply.com,Male,83 Tony Point
764,Barbee Espinet,4,15,bespinetl7@nps.gov,Female,27 Harbort Parkway
765,Cass Brugemann,1,30,cbrugemannl8@cmu.edu,Female,5475 Colorado Terrace
766,Bambi Huton,4,57,bhutonl9@meetup.com,Female,2 Tomscot Pass
767,Ardra Joules,3,56,ajoulesla@cdc.gov,Female,1072 Warrior Road
768,Minor Salzburg,1,11,msalzburglb@berkeley.edu,Male,42 Vernon Way
769,Elijah Eary,2,48,eearylc@ask.com,Male,43900 Raven Street
770,Asa Marthen,4,52,amarthenld@mozilla.org,Male,283 Norway Maple Avenue
771,Estelle Kinkaid,5,36,ekinkaidle@mlb.com,Female,36 6th Hill
772,Foster Collibear,3,13,fcollibearlf@java.com,Male,334 Shopko Alley
773,Cazzie Ribeiro,3,3,cribeirolg@miitbeian.gov.cn,Male,733 Messerschmidt Court
774,Constancia Haggas,2,7,chaggaslh@cargocollective.com,Female,8 Dennis Lane
775,Willem Daviddi,9,47,wdaviddili@archive.org,Male,4 Hansons Court
776,Gaultiero Blackah,2,34,gblackahlj@jugem.jp,Male,84 Melby Trail
777,Cybil Diver,1,15,cdiverlk@blinklist.com,Female,9 7th Street
778,Isabel Jakubowsky,7,55,ijakubowskyll@indiatimes.com,Female,09497 Kenwood Terrace
779,Lorne McWhannel,3,46,lmcwhannellm@prnewswire.com,Male,19 Hallows Crossing
780,Vanni Basketfield,9,31,vbasketfieldln@uol.com.br,Female,94 Ridgeway Trail
781,Bronny Hanhard,9,34,bhanhardlo@utexas.edu,Male,2 Ridgeview Center
782,Stephan McNeachtain,7,37,smcneachtainlp@eepurl.com,Male,6 Spohn Plaza
783,Rubie Marcussen,9,40,rmarcussenlq@tuttocitta.it,Female,3 Brown Parkway
784,Esme Crufts,8,30,ecruftslr@51.la,Male,3800 Raven Court
785,Udell Gerge,2,31,ugergels@disqus.com,Male,1650 Aberg Drive
786,Rea Jamison,4,41,rjamisonlt@shutterfly.com,Female,19 Larry Place
787,Christoffer Hawkyens,5,53,chawkyenslu@parallels.com,Male,8 Spenser Parkway
788,Frants Yukhnini,4,57,fyukhninilv@vistaprint.com,Male,81 South Lane
789,Randa Phelan,8,46,rphelanlw@engadget.com,Non-binary,14992 Mcbride Center
790,Wallace Beckinsall,9,37,wbeckinsalllx@4shared.com,Male,8064 Scott Street
791,Erena Kobpal,2,53,ekobpally@livejournal.com,Female,7730 Barnett Road
792,Seymour Borsi,2,64,sborsilz@archive.org,Male,4425 Annamark Pass
793,Ada Hebner,4,40,ahebnerm0@vinaora.com,Polygender,68022 Katie Point
794,Filbert Morratt,9,29,fmorrattm1@simplemachines.org,Male,5 Donald Way
795,Rutger Barczynski,7,33,rbarczynskim2@elegantthemes.com,Male,28 Merry Lane
796,Ina Scathard,7,53,iscathardm3@zimbio.com,Female,8577 Tony Place
797,Reinald Croser,8,13,rcroserm4@illinois.edu,Male,8 Emmet Way
798,Pepi Scurman,7,44,pscurmanm5@marriott.com,Female,73669 Di Loreto Avenue
799,Jeri Prazer,2,11,jprazerm6@taobao.com,Female,565 Bartelt Place
800,Mason Klassman,4,20,mklassmanm7@addthis.com,Male,49284 Tennessee Junction
801,Ham Lippiello,1,38,hlippiellom8@ezinearticles.com,Male,795 Hazelcrest Crossing
802,Antin Sargeaunt,2,62,asargeauntm9@wired.com,Male,1 Northridge Court
803,Christoph Camfield,4,51,ccamfieldma@dyndns.org,Male,756 Vidon Way
804,Faun Cornelissen,8,44,fcornelissenmb@narod.ru,Female,0684 Ilene Trail
805,Murielle Rosewell,2,10,mrosewellmc@auda.org.au,Female,828 Main Avenue
806,Mechelle McGucken,4,25,mmcguckenmd@ycombinator.com,Agender,38 Pierstorff Hill
807,Ellis Philipsen,9,31,ephilipsenme@themeforest.net,Male,5729 Springs Pass
808,Pam Hannon,2,52,phannonmf@shutterfly.com,Female,30819 Continental Hill
809,Margaretta Gerrill,8,43,mgerrillmg@ow.ly,Female,3704 Harper Circle
810,Marchelle Noriega,6,48,mnoriegamh@w3.org,Female,163 Kennedy Avenue
811,Rudolph Crease,3,53,rcreasemi@abc.net.au,Polygender,7 Norway Maple Center
812,Ryun Law,8,51,rlawmj@feedburner.com,Male,167 Lake View Crossing
813,Parker Stellman,2,19,pstellmanmk@gov.uk,Male,0565 Prairieview Center
814,Redford Stuchburie,1,59,rstuchburieml@thetimes.co.uk,Male,95678 Ludington Plaza
815,Koren Gwyer,1,27,kgwyermm@sitemeter.com,Female,41 Michigan Pass
816,Zechariah Gascar,2,55,zgascarmn@hao123.com,Bigender,1188 Autumn Leaf Trail
817,Corbin Worgan,2,49,cworganmo@mapy.cz,Male,34 Garrison Center
818,Amalle Kingswood,1,53,akingswoodmp@ehow.com,Female,098 Moose Hill
819,Gage Panichelli,4,57,gpanichellimq@webeden.co.uk,Male,5 Forest Run Street
820,Manon Spowart,2,17,mspowartmr@phpbb.com,Female,381 Cherokee Road
821,Brit Clegg,1,60,bcleggms@whitehouse.gov,Female,2 Debra Center
822,Davidde Burghall,1,51,dburghallmt@amazonaws.com,Male,59111 Jenna Park
823,Wake Skeemer,1,39,wskeemermu@amazon.co.uk,Male,6070 Rutledge Center
824,Erna Coyle,8,2,ecoylemv@wiley.com,Female,519 Huxley Trail
825,Morgun Boake,9,1,mboakemw@hhs.gov,Male,2 Sunnyside Plaza
826,Tyson Kenworth,3,43,tkenworthmx@clickbank.net,Male,69 1st Street
827,Gretchen Adriaan,9,49,gadriaanmy@ehow.com,Female,3 Chive Place
828,Kathryn Landa,1,49,klandamz@ifeng.com,Female,016 Stone Corner Hill
829,Rayner Hovenden,4,38,rhovendenn0@msn.com,Male,250 Cherokee Drive
830,Adelice Elijahu,5,21,aelijahun1@businessinsider.com,Female,84 Prairie Rose Street
831,Toddie Demke,3,7,tdemken2@fda.gov,Male,47930 Tony Road
832,Constanta Tomlett,7,63,ctomlettn3@pcworld.com,Female,65 Waywood Center
833,Lind Ivushkin,1,28,livushkinn4@yandex.ru,Male,8 Namekagon Hill
834,Clim Abramovic,2,31,cabramovicn5@wunderground.com,Male,15 Leroy Parkway
835,Clare Ducket,7,14,cducketn6@so-net.ne.jp,Male,3 Arizona Circle
836,York De Vaar,2,8,yden7@sciencedaily.com,Male,21717 Holmberg Road
837,Jeni Standfield,4,50,jstandfieldn8@mayoclinic.com,Female,642 Merrick Avenue
838,Cinda Knight,9,45,cknightn9@dedecms.com,Female,07 Summit Trail
839,Werner McKeown,1,6,wmckeownna@twitpic.com,Male,3 New Castle Way
840,Brittney Osgood,2,24,bosgoodnb@youtu.be,Polygender,856 Pine View Lane
841,Kirsteni Gresly,3,10,kgreslync@google.fr,Female,19506 Merchant Plaza
842,Nixie Effaunt,3,51,neffauntnd@nasa.gov,Female,2197 Katie Way
843,Connie Kermit,9,1,ckermitne@bravesites.com,Male,553 Golden Leaf Terrace
844,Brandy Butterfield,2,43,bbutterfieldnf@geocities.jp,Male,037 Duke Road
845,Fitzgerald Rilston,5,35,frilstonng@deliciousdays.com,Bigender,76577 Roth Center
846,Sunshine Ferney,7,30,sferneynh@google.it,Female,55 Banding Pass
847,Trixie Stainton - Skinn,9,28,tstaintonni@indiegogo.com,Female,9 Golf Circle
848,Julie Kinningley,3,37,jkinningleynj@bbb.org,Female,904 Bay Court
849,Truman Shortcliffe,1,57,tshortcliffenk@infoseek.co.jp,Male,259 Nova Court
850,Quillan Lambrechts,7,61,qlambrechtsnl@reverbnation.com,Male,08269 Esch Place
851,Adeline Gillott,4,39,agillottnm@sohu.com,Female,5 Scofield Lane
852,Wynny Pellamonuten,2,44,wpellamonutennn@google.fr,Female,9685 Westend Hill
853,Welsh Alven,7,26,walvenno@spotify.com,Male,29746 Wayridge Avenue
854,Benedetto Pottinger,2,45,bpottingernp@businessweek.com,Male,3 Maple Wood Parkway
855,Haleigh Alban,3,6,halbannq@mediafire.com,Female,567 Graceland Terrace
856,Robbie Dows,5,14,rdowsnr@free.fr,Female,0 Hintze Park
857,Karena Sharville,6,31,ksharvillens@zdnet.com,Female,00075 Sachtjen Court
858,Ignazio Sinkinson,8,19,isinkinsonnt@dailymail.co.uk,Male,16 Dexter Terrace
859,Gabie Schirach,3,24,gschirachnu@cyberchimps.com,Male,681 Donald Hill
860,Wright Codi,7,33,wcodinv@paypal.com,Male,18319 Mallard Circle
861,Marcelo Goulding,8,1,mgouldingnw@usnews.com,Male,6 Lyons Crossing
862,Esra Hounson,2,46,ehounsonnx@ft.com,Male,0 Charing Cross Point
863,Gnni Urian,1,39,gurianny@chron.com,Female,8000 Marquette Park
864,Donny Frisel,7,61,dfriselnz@google.com.br,Male,78 Oakridge Center
865,Pietrek Marquese,2,44,pmarqueseo0@scribd.com,Male,303 Northport Lane
866,Gusta Sedman,7,29,gsedmano1@vistaprint.com,Female,896 Dottie Center
867,Issi Snoday,2,11,isnodayo2@exblog.jp,Female,71166 Forest Alley
868,Cordula Pothbury,2,50,cpothburyo3@tinypic.com,Female,176 Mayer Lane
869,Brendis Letcher,5,15,bletchero4@alexa.com,Male,4917 Alpine Parkway
870,Eyde Ambage,6,37,eambageo5@economist.com,Female,3296 Lillian Pass
871,Wilfred Duthy,7,38,wduthyo6@indiatimes.com,Male,6 Loftsgordon Trail
872,Birdie Beernt,1,45,bbeernto7@ocn.ne.jp,Female,7 Maple Alley
873,Taber Caldeiro,4,20,tcaldeiroo8@nationalgeographic.com,Male,5590 Magdeline Pass
874,Crista Chirm,2,47,cchirmo9@booking.com,Female,3 Mallory Road
875,Alfredo Horche,5,12,ahorcheoa@google.com.br,Male,20772 Crownhardt Terrace
876,Blondelle Iban,8,37,bibanob@furl.net,Non-binary,6763 Eagle Crest Way
877,Arte Thornton-Dewhirst,9,22,athorntondewhirstoc@hhs.gov,Male,8 Manufacturers Street
878,Noam Heigl,9,46,nheiglod@mashable.com,Male,20853 Fordem Drive
879,Millard Larkcum,4,43,mlarkcumoe@nsw.gov.au,Bigender,6 Pennsylvania Junction
880,Doti Thwaites,5,41,dthwaitesof@webnode.com,Female,4 Jenifer Road
881,Karlen Donhardt,8,32,kdonhardtog@blogtalkradio.com,Female,7345 Briar Crest Center
882,Augy Milmith,9,58,amilmithoh@un.org,Male,2138 Eastwood Alley
883,Feodora Bonnor,1,34,fbonnoroi@ed.gov,Female,46 Summerview Point
884,Christy McGready,2,26,cmcgreadyoj@pcworld.com,Male,115 Hanson Way
885,Mallorie Philpotts,1,53,mphilpottsok@last.fm,Female,2 Mayfield Street
886,Dot Hawthorn,3,25,dhawthornol@wp.com,Female,5 Moland Pass
887,Peterus Riccetti,6,46,priccettiom@wufoo.com,Male,2 Gulseth Avenue
888,Erinna Spurret,1,19,espurreton@bravesites.com,Female,4192 Bayside Junction
889,Aili Roscamps,1,20,aroscampsoo@tinyurl.com,Female,35 Holy Cross Point
890,Lolly Matic,2,61,lmaticop@apple.com,Female,2922 Elgar Pass
891,Ragnar Victor,7,33,rvictoroq@who.int,Male,47172 Surrey Point
892,Alvinia Noden,9,64,anodenor@pen.io,Female,1249 Calypso Place
893,Karoly Reece,8,35,kreeceos@google.fr,Male,40 Bluestem Circle
894,Sloane Tilliards,1,50,stilliardsot@seesaa.net,Male,414 Debra Center
895,Clerkclaude Conibere,5,55,cconibereou@oakley.com,Male,353 Mockingbird Avenue
896,Cara Clayhill,8,30,cclayhillov@seattletimes.com,Female,400 Clemons Place
897,Damaris Denniston,4,17,ddennistonow@sourceforge.net,Female,18256 Lakewood Gardens Terrace
898,Kyrstin Diess,1,2,kdiessox@unicef.org,Female,0424 Waxwing Court
899,Connor Samuels,9,43,csamuelsoy@privacy.gov.au,Male,6632 Crownhardt Alley
900,Leeland Chettle,9,35,lchettleoz@webmd.com,Male,2 Lien Street
901,Feliza Aguirrezabala,7,50,faguirrezabalap0@photobucket.com,Female,08 Banding Plaza
902,Berty Martignon,5,11,bmartignonp1@reddit.com,Male,87 Badeau Crossing
903,Filmore Berrick,7,49,fberrickp2@constantcontact.com,Male,76 Cardinal Crossing
904,Collie Pattrick,5,7,cpattrickp3@oakley.com,Female,2 Hollow Ridge Hill
905,Byrom Zamorrano,3,41,bzamorranop4@constantcontact.com,Male,3 Ilene Point
906,Marta Filipponi,3,16,mfilipponip5@blogger.com,Female,4524 Northridge Way
907,Shelli Carnell,6,28,scarnellp6@sfgate.com,Female,3135 Meadow Ridge Trail
908,Olympie Joice,6,13,ojoicep7@rambler.ru,Female,784 Warbler Street
909,Jacquelin Menco,3,25,jmencop8@webs.com,Genderqueer,1269 Pearson Court
910,Kim Boschmann,7,3,kboschmannp9@icio.us,Male,00191 Logan Lane
911,Lucretia Moakson,3,4,lmoaksonpa@auda.org.au,Female,694 Northwestern Parkway
912,Sanderson Dulling,5,49,sdullingpb@about.com,Male,2 Karstens Crossing
913,Laird Trott,1,37,ltrottpc@nifty.com,Male,09234 Lerdahl Road
914,Wilhelmina Geddis,9,9,wgeddispd@npr.org,Female,5557 Farwell Center
915,Cristina Dionisii,6,30,cdionisiipe@pen.io,Female,5 7th Crossing
916,Chloe Riatt,9,20,criattpf@printfriendly.com,Female,11155 Surrey Road
917,Horacio Doxey,3,12,hdoxeypg@va.gov,Male,4607 Grim Drive
918,Bronny Rowbottam,5,34,browbottamph@fema.gov,Male,6376 Kensington Hill
919,Velma Bentinck,1,2,vbentinckpi@odnoklassniki.ru,Female,8160 Anthes Trail
920,Artur Callar,8,51,acallarpj@tuttocitta.it,Male,7953 Wayridge Lane
921,Evyn Eilert,4,23,eeilertpk@nbcnews.com,Male,90 Bartelt Alley
922,Prue Giraudat,7,11,pgiraudatpl@cafepress.com,Female,8 Hagan Hill
923,Jedediah Corley,8,29,jcorleypm@about.com,Male,14486 Wayridge Pass
924,Claire Shearsby,3,3,cshearsbypn@de.vu,Male,4 North Avenue
925,Rouvin Boulter,5,10,rboulterpo@biglobe.ne.jp,Male,6 Rutledge Road
926,Sharity Greengrass,8,61,sgreengrasspp@istockphoto.com,Female,641 Melby Center
927,Riordan Janaud,7,55,rjanaudpq@unicef.org,Male,7 Macpherson Plaza
928,Ade Dooly,5,18,adoolypr@fotki.com,Male,06 Gina Hill
929,Vere Lowle,6,62,vlowleps@alexa.com,Female,50641 Stephen Road
930,Linn Strond,1,18,lstrondpt@gov.uk,Male,4 Thierer Center
931,Ahmad Manifould,8,50,amanifouldpu@pagesperso-orange.fr,Male,46283 Moland Drive
932,Ewan Nortcliffe,3,35,enortcliffepv@usda.gov,Male,6067 Park Meadow Place
933,Rebecca Somers,9,41,rsomerspw@ed.gov,Female,7208 Karstens Lane
934,Worden Cruickshank,5,20,wcruickshankpx@dion.ne.jp,Male,92128 2nd Road
935,Dara Elms,6,23,delmspy@state.tx.us,Female,6 Cascade Plaza
936,Gwyneth Matusovsky,6,12,gmatusovskypz@dropbox.com,Female,268 Butternut Hill
937,Freedman Forte,6,20,fforteq0@reuters.com,Male,052 Carioca Avenue
938,Alva Whiteway,2,23,awhitewayq1@1688.com,Male,5 Paget Point
939,Berti Showers,5,16,bshowersq2@apple.com,Female,51488 Boyd Junction
940,Zackariah Mintrim,8,42,zmintrimq3@uol.com.br,Male,039 Fair Oaks Terrace
941,Tibold Woller,8,28,twollerq4@telegraph.co.uk,Male,14 Waywood Crossing
942,Bibbye Righy,5,41,brighyq5@fema.gov,Female,861 Jackson Circle
943,Fanchette Housbey,4,25,fhousbeyq6@simplemachines.org,Female,7774 Mallard Parkway
944,Cherida Bussy,6,33,cbussyq7@about.com,Genderqueer,6 Bonner Avenue
945,Stafford Milleton,7,52,smilletonq8@simplemachines.org,Male,9668 Mallory Lane
946,Oneida Casebourne,3,6,ocasebourneq9@ifeng.com,Female,073 Marcy Parkway
947,Hillier Duchateau,1,17,hduchateauqa@geocities.com,Male,67 Hanson Junction
948,Betty Stollard,1,19,bstollardqb@artisteer.com,Female,74 Stoughton Way
949,Giacomo Vasyunin,2,51,gvasyuninqc@digg.com,Male,30 Lakewood Gardens Place
950,Lance Mellonby,8,53,lmellonbyqd@w3.org,Agender,52 Cascade Junction
951,Ralf Pocock,3,50,rpocockqe@sciencedaily.com,Male,92 Mifflin Point
952,Tuck Mains,3,50,tmainsqf@vistaprint.com,Male,5619 Hanson Place
953,Marcelo Croster,6,10,mcrosterqg@list-manage.com,Male,531 Rockefeller Place
954,Mellisent Doring,4,5,mdoringqh@hao123.com,Female,26763 Fieldstone Junction
955,Dannie Hundey,5,36,dhundeyqi@youku.com,Male,825 Butternut Crossing
956,Claudianus Pattenden,8,12,cpattendenqj@psu.edu,Male,7717 Hoffman Street
957,Joelynn Rodolico,9,11,jrodolicoqk@sohu.com,Genderfluid,02245 Kinsman Point
958,Martainn Vannikov,3,34,mvannikovql@hao123.com,Male,04 Waubesa Point
959,Madel Leathley,5,43,mleathleyqm@geocities.com,Female,34 Heffernan Center
960,Joachim Balshen,9,30,jbalshenqn@squidoo.com,Male,4138 Shelley Street
961,Clark Ellingford,2,42,cellingfordqo@cisco.com,Male,5 Buena Vista Junction
962,Joyann Serle,7,25,jserleqp@vkontakte.ru,Female,17 Dennis Center
963,Algernon Tomich,7,39,atomichqq@ucoz.ru,Male,1081 Fremont Avenue
964,Yevette Phidgin,1,65,yphidginqr@sakura.ne.jp,Female,1702 Coleman Terrace
965,Dulci Losseljong,7,23,dlosseljongqs@bloglines.com,Female,12 Roxbury Road
966,Sissy Rugge,8,28,sruggeqt@techcrunch.com,Female,90 Bartelt Junction
967,Christiana Askham,2,62,caskhamqu@comsenz.com,Female,17547 Delladonna Circle
968,Thornton Blincoe,3,35,tblincoeqv@wix.com,Male,6 Monument Alley
969,Augustin Figgess,9,65,afiggessqw@macromedia.com,Male,500 Sloan Park
970,Kassey Sisselot,9,8,ksisselotqx@psu.edu,Female,6571 Hudson Court
971,Gus Scapelhorn,3,28,gscapelhornqy@harvard.edu,Male,887 Warner Park
972,Caterina Oakshott,7,33,coakshottqz@ebay.co.uk,Female,3761 Barnett Alley
973,Davis Payn,2,34,dpaynr0@deviantart.com,Male,15 Dorton Pass
974,Cointon Hamal,9,25,chamalr1@php.net,Male,2 Longview Pass
975,Candra MacCauley,2,19,cmaccauleyr2@blogtalkradio.com,Female,60235 Dovetail Trail
976,Clemmy Qusklay,8,40,cqusklayr3@phpbb.com,Male,8757 Meadow Ridge Pass
977,Stephan Baxstair,7,5,sbaxstairr4@sciencedaily.com,Male,89 Grover Hill
978,Orland Salmond,8,47,osalmondr5@angelfire.com,Male,679 Hayes Center
979,Delmar O'Heneghan,2,11,doheneghanr6@yellowpages.com,Genderqueer,4366 Melvin Road
980,Rosabel Crittal,6,11,rcrittalr7@shop-pro.jp,Female,70988 Hanson Junction
981,Garret Spino,2,2,gspinor8@hibu.com,Male,405 Hollow Ridge Parkway
982,Jaimie Munkton,1,63,jmunktonr9@toplist.cz,Male,37849 Katie Lane
983,Randy Penley,1,50,rpenleyra@businessweek.com,Female,9 Monterey Place
984,Trish Qusklay,7,47,tqusklayrb@cpanel.net,Bigender,33348 Green Avenue
985,Austen Counsell,6,64,acounsellrc@moonfruit.com,Male,38 Kingsford Trail
986,Felita Pencott,8,43,fpencottrd@domainmarket.com,Female,63724 Packers Trail
987,Kelcy Poynter,6,3,kpoynterre@simplemachines.org,Female,3197 Fairfield Drive
988,Xever Riglar,4,9,xriglarrf@wikia.com,Male,16207 Waxwing Lane
989,Rozele Dotterill,5,50,rdotterillrg@newsvine.com,Female,6607 Stephen Drive
990,Vere Hayden,1,59,vhaydenrh@toplist.cz,Female,2521 Russell Trail
991,Charmine Upward,7,31,cupwardri@jalbum.net,Female,6 Fairfield Place
992,Idelle Fowley,4,58,ifowleyrj@toplist.cz,Female,712 Columbus Street
993,Harlen Antonietti,8,3,hantoniettirk@icq.com,Male,37532 6th Terrace
994,Adrianne Clemmow,8,27,aclemmowrl@123-reg.co.uk,Female,94 Kedzie Parkway
995,Merrile Cathee,8,39,mcatheerm@elpais.com,Female,36 Summit Trail
996,Kennith Beneix,4,52,kbeneixrn@newsvine.com,Male,6436 Meadow Valley Park
997,Candi Quilter,5,29,cquilterro@mayoclinic.com,Female,40 Mcbride Park
998,Wilfrid Billin,4,15,wbillinrp@hostgator.com,Male,60906 Old Gate Way
999,Colette Extal,9,56,cextalrq@businesswire.com,Female,4 Derek Crossing
1000,Correna Twede,3,15,ctwederr@ed.gov,Female,57 Eastlawn Circle
